game,word,difficulty,stage
rootlab,helpful,starter,s2e
rootlab,replay,starter,s2e
rootlab,jumped,starter,s2e
rootlab,teacher,starter,s2e
rootlab,kindness,starter,s2e
rootlab,careful,starter,s2e
rootlab,quickly,starter,s2e
rootlab,builder,starter,s2e
rootlab,movement,starter,s2e
rootlab,sadness,starter,s2e
rootlab,darker,starter,s2e
rootlab,brighter,starter,s2e
rootlab,unhelpful,levelup,s2l
rootlab,replaying,levelup,s2l
rootlab,rebuilding,levelup,s2l
rootlab,unkindness,levelup,s2l
rootlab,mismanaged,levelup,s2l
rootlab,disconnected,levelup,s2l
rootlab,overreacting,levelup,s2l
rootlab,previewing,levelup,s2l
rootlab,rethinking,levelup,s2l
rootlab,preheating,levelup,s2l
rootlab,forewarned,levelup,s2l
rootlab,exported,levelup,s2l
rootlab,unmanageable,challenge,s3e
rootlab,interconnected,challenge,s3e
rootlab,overprotective,challenge,s3e
rootlab,reconstructing,challenge,s3e
rootlab,unpredictable,challenge,s3e
rootlab,disagreement,challenge,s3e
rootlab,encouragement,challenge,s3e
rootlab,misunderstanding,challenge,s3e
rootlab,transportation,challenge,s3l
rootlab,invisible,challenge,s3e
rootlab,subscription,challenge,s3l
rootlab,extraordinary,challenge,s3e
rootlab,semicircular,challenge,s3l
rootlab,microscopic,challenge,s3l
rootlab,hyperactive,challenge,s3e
rootlab,international,challenge,s3e
rootlab,malpractice,challenge,s3l
rootlab,nonfictional,challenge,s3e
rootlab,indestructible,challenge,s3l
rootlab,multicoloured,challenge,s3e
rootlab,photograph,challenge,s3e
rootlab,geography,challenge,s3e
rootlab,telegraph,challenge,s3l
rootlab,biography,challenge,s3l
rootlab,democracy,challenge,s3l
rootlab,philosophy,challenge,s3l
rootlab,psychology,challenge,s3l
rootlab,hypothesis,challenge,s3l
rootlab,atmosphere,challenge,s3l
rootlab,metamorphosis,challenge,s4
rootlab,photosynthesis,challenge,s4
rootlab,transmission,challenge,s4
rootlab,construction,challenge,s4
rootlab,demonstration,challenge,s4
rootlab,communication,challenge,s4
rootlab,reconstruction,challenge,s4
