word,sound,soundLabel,level,stage,extension
rain,/ai/,Long A,starter,s2e,FALSE
play,/ai/,Long A,starter,s2e,FALSE
cake,/ai/,Long A,starter,s2e,FALSE
snail,/ai/,Long A,starter,s2e,FALSE
flame,/ai/,Long A,starter,s2e,FALSE
tail,/ai/,Long A,starter,s2e,FALSE
name,/ai/,Long A,starter,s2e,FALSE
day,/ai/,Long A,starter,s2e,FALSE
wait,/ai/,Long A,starter,s2e,FALSE
lake,/ai/,Long A,starter,s2e,FALSE
say,/ai/,Long A,starter,s2e,FALSE
paid,/ai/,Long A,starter,s2e,FALSE
gate,/ai/,Long A,starter,s2e,FALSE
stay,/ai/,Long A,starter,s2e,FALSE
sail,/ai/,Long A,starter,s2e,FALSE
face,/ai/,Long A,starter,s2e,FALSE
way,/ai/,Long A,starter,s2e,FALSE
main,/ai/,Long A,starter,s2e,FALSE
break,/ai/,Long A,levelup,s2l,FALSE
they,/ai/,Long A,levelup,s2l,FALSE
lady,/ai/,Long A,levelup,s2e,FALSE
grey,/ai/,Long A,levelup,s2l,FALSE
brake,/ai/,Long A,levelup,s2l,FALSE
delay,/ai/,Long A,levelup,s2l,FALSE
brain,/ai/,Long A,levelup,s2e,FALSE
stray,/ai/,Long A,levelup,s2l,FALSE
strain,/ai/,Long A,levelup,s2l,FALSE
escape,/ai/,Long A,levelup,s2l,FALSE
display,/ai/,Long A,levelup,s2l,FALSE
remain,/ai/,Long A,levelup,s2l,FALSE
invade,/ai/,Long A,levelup,s2l,FALSE
decay,/ai/,Long A,levelup,s2l,FALSE
complain,/ai/,Long A,levelup,s2l,FALSE
mistake,/ai/,Long A,levelup,s2l,FALSE
great,/ai/,Long A,levelup,s2l,FALSE
betray,/ai/,Long A,levelup,s2l,FALSE
eight,/ai/,Long A,challenge,s3e,FALSE
straight,/ai/,Long A,challenge,s3e,FALSE
steak,/ai/,Long A,challenge,s2l,FALSE
vein,/ai/,Long A,challenge,s3e,FALSE
weigh,/ai/,Long A,challenge,s3e,FALSE
neighbour,/ai/,Long A,challenge,s3e,FALSE
freight,/ai/,Long A,challenge,s3e,FALSE
sleigh,/ai/,Long A,challenge,s3l,FALSE
obey,/ai/,Long A,challenge,s2l,FALSE
prey,/ai/,Long A,challenge,s2l,FALSE
survey,/ai/,Long A,challenge,s2l,FALSE
rein,/ai/,Long A,challenge,s3l,FALSE
reign,/ai/,Long A,challenge,s3l,FALSE
convey,/ai/,Long A,challenge,s3e,FALSE
feet,/ee/,Long E,starter,s2e,FALSE
seat,/ee/,Long E,starter,s2e,FALSE
me,/ee/,Long E,starter,s2e,FALSE
baby,/ee/,Long E,starter,s2e,FALSE
steel,/ee/,Long E,starter,s2e,FALSE
beach,/ee/,Long E,starter,s2e,FALSE
green,/ee/,Long E,starter,s2e,FALSE
dream,/ee/,Long E,starter,s2e,FALSE
tree,/ee/,Long E,starter,s2e,FALSE
meat,/ee/,Long E,starter,s2e,FALSE
free,/ee/,Long E,starter,s2e,FALSE
heat,/ee/,Long E,starter,s2e,FALSE
seed,/ee/,Long E,starter,s2e,FALSE
team,/ee/,Long E,starter,s2e,FALSE
week,/ee/,Long E,starter,s2e,FALSE
read,/ee/,Long E,starter,s2e,FALSE
deep,/ee/,Long E,starter,s2e,FALSE
leaf,/ee/,Long E,starter,s2e,FALSE
happy,/ee/,Long E,starter,s2e,FALSE
funny,/ee/,Long E,starter,s2e,FALSE
these,/ee/,Long E,levelup,s2e,FALSE
money,/ee/,Long E,levelup,s2e,FALSE
babies,/ee/,Long E,levelup,s2e,FALSE
field,/ee/,Long E,levelup,s2l,FALSE
theme,/ee/,Long E,levelup,s2e,FALSE
chief,/ee/,Long E,levelup,s2l,FALSE
believe,/ee/,Long E,levelup,s2l,FALSE
extreme,/ee/,Long E,levelup,s2l,FALSE
succeed,/ee/,Long E,levelup,s2l,FALSE
repeat,/ee/,Long E,levelup,s2l,FALSE
compete,/ee/,Long E,levelup,s2l,FALSE
achieve,/ee/,Long E,levelup,s2l,FALSE
between,/ee/,Long E,levelup,s2l,FALSE
beneath,/ee/,Long E,levelup,s2l,FALSE
complete,/ee/,Long E,levelup,s2l,FALSE
relief,/ee/,Long E,levelup,s2l,FALSE
energy,/ee/,Long E,levelup,s2l,FALSE
fifteen,/ee/,Long E,levelup,s2l,FALSE
people,/ee/,Long E,challenge,s3e,FALSE
receive,/ee/,Long E,challenge,s3e,FALSE
ceiling,/ee/,Long E,challenge,s3e,FALSE
deceive,/ee/,Long E,challenge,s3e,FALSE
seize,/ee/,Long E,challenge,s3e,FALSE
protein,/ee/,Long E,challenge,s3e,FALSE
machine,/ee/,Long E,challenge,s3e,FALSE
police,/ee/,Long E,challenge,s3e,FALSE
unique,/ee/,Long E,challenge,s3l,FALSE
shield,/ee/,Long E,challenge,s2l,FALSE
thief,/ee/,Long E,challenge,s2l,FALSE
key,/ee/,Long E,challenge,s2l,FALSE
valley,/ee/,Long E,challenge,s2l,FALSE
honey,/ee/,Long E,challenge,s2l,FALSE
recipe,/ee/,Long E,challenge,s3e,FALSE
magazine,/ee/,Long E,challenge,s3l,FALSE
trampoline,/ee/,Long E,challenge,s3l,FALSE
night,/ie/,Long I,starter,s2e,FALSE
pie,/ie/,Long I,starter,s2e,FALSE
time,/ie/,Long I,starter,s2e,FALSE
fly,/ie/,Long I,starter,s2e,FALSE
bright,/ie/,Long I,starter,s2e,FALSE
kite,/ie/,Long I,starter,s2e,FALSE
sky,/ie/,Long I,starter,s2e,FALSE
ride,/ie/,Long I,starter,s2e,FALSE
light,/ie/,Long I,starter,s2e,FALSE
hide,/ie/,Long I,starter,s2e,FALSE
right,/ie/,Long I,starter,s2e,FALSE
try,/ie/,Long I,starter,s2e,FALSE
smile,/ie/,Long I,starter,s2e,FALSE
sight,/ie/,Long I,starter,s2e,FALSE
dry,/ie/,Long I,starter,s2e,FALSE
wide,/ie/,Long I,starter,s2e,FALSE
spider,/ie/,Long I,levelup,s2e,FALSE
tried,/ie/,Long I,levelup,s2e,FALSE
mild,/ie/,Long I,levelup,s2e,FALSE
find,/ie/,Long I,levelup,s2e,FALSE
polite,/ie/,Long I,levelup,s2l,FALSE
delight,/ie/,Long I,levelup,s2l,FALSE
supply,/ie/,Long I,levelup,s2l,FALSE
survive,/ie/,Long I,levelup,s2l,FALSE
midnight,/ie/,Long I,levelup,s2l,FALSE
reply,/ie/,Long I,levelup,s2l,FALSE
describe,/ie/,Long I,levelup,s2l,FALSE
frighten,/ie/,Long I,levelup,s2l,FALSE
multiply,/ie/,Long I,levelup,s2l,FALSE
combine,/ie/,Long I,levelup,s2l,FALSE
highlight,/ie/,Long I,levelup,s2l,FALSE
deny,/ie/,Long I,levelup,s2l,FALSE
die,/ie/,Long I,levelup,s2e,FALSE
tie,/ie/,Long I,levelup,s2e,FALSE
decide,/ie/,Long I,levelup,s2l,FALSE
height,/ie/,Long I,challenge,s3e,FALSE
island,/ie/,Long I,challenge,s3e,FALSE
idea,/ie/,Long I,challenge,s3e,FALSE
silent,/ie/,Long I,challenge,s3e,FALSE
lion,/ie/,Long I,challenge,s3e,FALSE
guide,/ie/,Long I,challenge,s2l,FALSE
disguise,/ie/,Long I,challenge,s3e,FALSE
exercise,/ie/,Long I,challenge,s3e,FALSE
applied,/ie/,Long I,challenge,s2l,FALSE
denied,/ie/,Long I,challenge,s2l,FALSE
cried,/ie/,Long I,challenge,s2e,FALSE
buy,/ie/,Long I,challenge,s3e,FALSE
guy,/ie/,Long I,challenge,s3e,FALSE
type,/ie/,Long I,challenge,s3e,FALSE
cycle,/ie/,Long I,challenge,s3e,FALSE
python,/ie/,Long I,challenge,s3l,FALSE
dynamite,/ie/,Long I,challenge,s3l,FALSE
eye,/ie/,Long I,challenge,s3e,FALSE
boat,/oa/,Long O,starter,s2e,FALSE
rose,/oa/,Long O,starter,s2e,FALSE
window,/oa/,Long O,starter,s2e,FALSE
road,/oa/,Long O,starter,s2e,FALSE
snow,/oa/,Long O,starter,s2e,FALSE
stone,/oa/,Long O,starter,s2e,FALSE
float,/oa/,Long O,starter,s2e,FALSE
home,/oa/,Long O,starter,s2e,FALSE
grow,/oa/,Long O,starter,s2e,FALSE
hope,/oa/,Long O,starter,s2e,FALSE
coat,/oa/,Long O,starter,s2e,FALSE
slow,/oa/,Long O,starter,s2e,FALSE
goat,/oa/,Long O,starter,s2e,FALSE
show,/oa/,Long O,starter,s2e,FALSE
rope,/oa/,Long O,starter,s2e,FALSE
toe,/oa/,Long O,levelup,s2e,FALSE
comb,/oa/,Long O,levelup,s2l,FALSE
elbow,/oa/,Long O,levelup,s2e,FALSE
explore,/oa/,Long O,levelup,s2l,FALSE
approach,/oa/,Long O,levelup,s2l,FALSE
follow,/oa/,Long O,levelup,s2e,FALSE
suppose,/oa/,Long O,levelup,s2l,FALSE
charcoal,/oa/,Long O,levelup,s2l,FALSE
compose,/oa/,Long O,levelup,s2l,FALSE
roast,/oa/,Long O,levelup,s2e,FALSE
shadow,/oa/,Long O,levelup,s2e,FALSE
promote,/oa/,Long O,levelup,s2l,FALSE
throat,/oa/,Long O,levelup,s2l,FALSE
foe,/oa/,Long O,levelup,s2l,FALSE
arrow,/oa/,Long O,levelup,s2e,FALSE
coastal,/oa/,Long O,levelup,s2l,FALSE
telescope,/oa/,Long O,levelup,s3e,FALSE
though,/oa/,Long O,challenge,s3e,FALSE
although,/oa/,Long O,challenge,s3e,FALSE
oboe,/oa/,Long O,challenge,s3l,FALSE
aloe,/oa/,Long O,challenge,s3l,FALSE
depot,/oa/,Long O,challenge,s3l,FALSE
solo,/oa/,Long O,challenge,s3e,FALSE
piano,/oa/,Long O,challenge,s3e,FALSE
hero,/oa/,Long O,challenge,s3e,FALSE
dough,/oa/,Long O,challenge,s3e,FALSE
thorough,/oa/,Long O,challenge,s3l,FALSE
sew,/oa/,Long O,challenge,s3e,FALSE
plateau,/oa/,Long O,challenge,s4,FALSE
cocoa,/oa/,Long O,challenge,s3l,FALSE
microphone,/oa/,Long O,challenge,s3e,FALSE
volcano,/oa/,Long O,challenge,s3e,FALSE
bureau,/oa/,Long O,challenge,s4,FALSE
domino,/oa/,Long O,challenge,s3e,FALSE
kangaroo,/oa/,Long O,challenge,s3e,FALSE
brooch,/oa/,Long O,challenge,s4,FALSE
boot,/oo/,Long U,starter,s2e,FALSE
glue,/oo/,Long U,starter,s2e,FALSE
clue,/oo/,Long U,starter,s2e,FALSE
spoon,/oo/,Long U,starter,s2e,FALSE
tube,/oo/,Long U,starter,s2e,FALSE
new,/oo/,Long U,starter,s2e,FALSE
true,/oo/,Long U,starter,s2e,false
rule,/oo/,Long U,starter,s2e,FALSE
food,/oo/,Long U,starter,s2e,FALSE
few,/oo/,Long U,starter,s2e,FALSE
june,/oo/,Long U,starter,s2e,FALSE
cool,/oo/,Long U,starter,s2e,FALSE
chew,/oo/,Long U,starter,s2e,FALSE
room,/oo/,Long U,starter,s2e,FALSE
cute,/oo/,Long U,starter,s2e,FALSE
pool,/oo/,Long U,starter,s2e,FALSE
drew,/oo/,Long U,starter,s2e,FALSE
screw,/oo/,Long U,levelup,s2e,FALSE
flute,/oo/,Long U,levelup,s2e,FALSE
group,/oo/,Long U,levelup,s2l,FALSE
fruit,/oo/,Long U,levelup,s2l,FALSE
soup,/oo/,Long U,levelup,s2l,FALSE
include,/oo/,Long U,levelup,s2l,FALSE
rescue,/oo/,Long U,levelup,s2l,FALSE
balloon,/oo/,Long U,levelup,s2l,FALSE
review,/oo/,Long U,levelup,s2l,FALSE
costume,/oo/,Long U,levelup,s2l,FALSE
continue,/oo/,Long U,levelup,s2l,FALSE
cartoon,/oo/,Long U,levelup,s2l,FALSE
nephew,/oo/,Long U,levelup,s2l,FALSE
produce,/oo/,Long U,levelup,s2l,FALSE
statue,/oo/,Long U,levelup,s2l,FALSE
mushroom,/oo/,Long U,levelup,s2l,FALSE
curfew,/oo/,Long U,levelup,s2l,FALSE
bamboo,/oo/,Long U,levelup,s2l,FALSE
perfume,/oo/,Long U,levelup,s2l,FALSE
tissue,/oo/,Long U,levelup,s2l,FALSE
through,/oo/,Long U,challenge,s3e,FALSE
shoe,/oo/,Long U,challenge,s3e,FALSE
wound,/oo/,Long U,challenge,s3e,FALSE
youth,/oo/,Long U,challenge,s3e,FALSE
routine,/oo/,Long U,challenge,s3e,FALSE
bruise,/oo/,Long U,challenge,s3e,FALSE
cruise,/oo/,Long U,challenge,s3e,FALSE
suit,/oo/,Long U,challenge,s3e,FALSE
boulevard,/oo/,Long U,challenge,s4,FALSE
cougar,/oo/,Long U,challenge,s3l,FALSE
silhouette,/oo/,Long U,challenge,s3l,FALSE
mousse,/oo/,Long U,challenge,s4,FALSE
apple,/a/,Short A,starter,s2e,FALSE
cat,/a/,Short A,starter,s2e,FALSE
hand,/a/,Short A,starter,s2e,FALSE
stamp,/a/,Short A,starter,s2e,FALSE
clap,/a/,Short A,starter,s2e,FALSE
trap,/a/,Short A,starter,s2e,FALSE
salmon,/a/,Short A,starter,s2e,FALSE
flag,/a/,Short A,starter,s2e,FALSE
lamp,/a/,Short A,starter,s2e,FALSE
grand,/a/,Short A,starter,s2e,FALSE
black,/a/,Short A,starter,s2e,FALSE
snack,/a/,Short A,starter,s2e,FALSE
crash,/a/,Short A,starter,s2e,FALSE
band,/a/,Short A,starter,s2e,FALSE
camp,/a/,Short A,starter,s2e,FALSE
bath,/a/,Short A,starter,s2e,FALSE
tank,/a/,Short A,starter,s2e,FALSE
fast,/a/,Short A,starter,s2e,FALSE
snap,/a/,Short A,starter,s2e,FALSE
calf,/a/,Short A,levelup,s2e,FALSE
ample,/a/,Short A,levelup,s2e,FALSE
antler,/a/,Short A,levelup,s2e,FALSE
banter,/a/,Short A,levelup,s2e,FALSE
phantom,/a/,Short A,levelup,s2l,FALSE
blanket,/a/,Short A,levelup,s2e,FALSE
planet,/a/,Short A,levelup,s2e,FALSE
travel,/a/,Short A,levelup,s2e,FALSE
magnet,/a/,Short A,levelup,s2e,FALSE
dagger,/a/,Short A,levelup,s2e,FALSE
tangle,/a/,Short A,levelup,s2e,FALSE
channel,/a/,Short A,levelup,s2e,FALSE
scandal,/a/,Short A,levelup,s2l,FALSE
classic,/a/,Short A,levelup,s2l,FALSE
gallop,/a/,Short A,levelup,s2e,FALSE
dragon,/a/,Short A,levelup,s2e,FALSE
chapter,/a/,Short A,levelup,s2e,FALSE
abstract,/a/,Short A,levelup,s2l,FALSE
savage,/a/,Short A,levelup,s2l,FALSE
rascal,/a/,Short A,levelup,s2l,FALSE
plait,/a/,Short A,challenge,s3e,FALSE
plaid,/a/,Short A,challenge,s3e,FALSE
guarantee,/a/,Short A,challenge,s3l,FALSE
elaborate,/a/,Short A,challenge,s3l,FALSE
catastrophe,/a/,Short A,challenge,s3l,FALSE
apparatus,/a/,Short A,challenge,s3l,FALSE
inhabit,/a/,Short A,challenge,s3e,FALSE
avalanche,/a/,Short A,challenge,s3l,FALSE
mechanic,/a/,Short A,challenge,s3e,FALSE
fantastic,/a/,Short A,challenge,s3e,FALSE
enamel,/a/,Short A,challenge,s3e,FALSE
madam,/a/,Short A,challenge,s2l,FALSE
havoc,/a/,Short A,challenge,s3e,FALSE
jackal,/a/,Short A,challenge,s3e,FALSE
scaffold,/a/,Short A,challenge,s3l,FALSE
cascade,/a/,Short A,challenge,s3e,FALSE
aghast,/a/,Short A,challenge,s3l,FALSE
placard,/a/,Short A,challenge,s3l,FALSE
calamity,/a/,Short A,challenge,s3l,FALSE
egg,/e/,Short E,starter,s2e,FALSE
step,/e/,Short E,starter,s2e,FALSE
sketch,/e/,Short E,starter,s2e,FALSE
bed,/e/,Short E,starter,s2e,FALSE
bell,/e/,Short E,starter,s2e,FALSE
best,/e/,Short E,starter,s2e,FALSE
check,/e/,Short E,starter,s2e,FALSE
dress,/e/,Short E,starter,s2e,FALSE
shelf,/e/,Short E,starter,s2e,FALSE
help,/e/,Short E,starter,s2e,FALSE
went,/e/,Short E,starter,s2e,FALSE
spend,/e/,Short E,starter,s2e,FALSE
chest,/e/,Short E,starter,s2e,FALSE
left,/e/,Short E,starter,s2e,FALSE
kept,/e/,Short E,starter,s2e,FALSE
fresh,/e/,Short E,starter,s2e,FALSE
blend,/e/,Short E,starter,s2e,FALSE
pest,/e/,Short E,starter,s2e,FALSE
sled,/e/,Short E,starter,s2e,FALSE
head,/e/,Short E,levelup,s2e,FALSE
bread,/e/,Short E,levelup,s2e,FALSE
sweat,/e/,Short E,levelup,s2e,FALSE
said,/e/,Short E,levelup,s2e,FALSE
threat,/e/,Short E,levelup,s2l,FALSE
spread,/e/,Short E,levelup,s2e,FALSE
meadow,/e/,Short E,levelup,s2e,FALSE
heavy,/e/,Short E,levelup,s2e,FALSE
weapon,/e/,Short E,levelup,s2l,FALSE
jealous,/e/,Short E,levelup,s2l,FALSE
healthy,/e/,Short E,levelup,s2l,FALSE
pleasant,/e/,Short E,levelup,s2l,FALSE
instead,/e/,Short E,levelup,s2l,FALSE
ready,/e/,Short E,levelup,s2e,FALSE
steady,/e/,Short E,levelup,s2l,FALSE
breath,/e/,Short E,levelup,s2l,FALSE
deaf,/e/,Short E,levelup,s2l,FALSE
friend,/e/,Short E,challenge,s2l,FALSE
leopard,/e/,Short E,challenge,s3e,FALSE
against,/e/,Short E,challenge,s3e,FALSE
again,/e/,Short E,challenge,s2l,FALSE
any,/e/,Short E,challenge,s2l,FALSE
many,/e/,Short E,challenge,s2l,FALSE
bury,/e/,Short E,challenge,s3e,FALSE
jeopardy,/e/,Short E,challenge,s3l,FALSE
guess,/e/,Short E,challenge,s2l,FALSE
guest,/e/,Short E,challenge,s2l,FALSE
leisure,/e/,Short E,challenge,s3l,FALSE
heifer,/e/,Short E,challenge,s3l,FALSE
Thames,/e/,Short E,challenge,s3e,FALSE
cleanse,/e/,Short E,challenge,s3l,FALSE
pheasant,/e/,Short E,challenge,s3e,FALSE
endeavour,/e/,Short E,challenge,s3l,FALSE
dread,/e/,Short E,challenge,s2l,FALSE
treacherous,/e/,Short E,challenge,s3l,FALSE
aesthetic,/e/,Short E,challenge,s4,FALSE
igloo,/i/,Short I,starter,s2e,FALSE
wind,/i/,Short I,starter,s2e,FALSE
fist,/i/,Short I,starter,s2e,FALSE
swim,/i/,Short I,starter,s2e,FALSE
milk,/i/,Short I,starter,s2e,FALSE
grin,/i/,Short I,starter,s2e,FALSE
brick,/i/,Short I,starter,s2e,FALSE
skip,/i/,Short I,starter,s2e,FALSE
gift,/i/,Short I,starter,s2e,FALSE
drip,/i/,Short I,starter,s2e,FALSE
clip,/i/,Short I,starter,s2e,FALSE
string,/i/,Short I,starter,s2e,FALSE
trip,/i/,Short I,starter,s2e,FALSE
slip,/i/,Short I,starter,s2e,FALSE
chill,/i/,Short I,starter,s2e,FALSE
print,/i/,Short I,starter,s2e,FALSE
gym,/i/,Short I,levelup,s2l,FALSE
myth,/i/,Short I,levelup,s2l,FALSE
symbol,/i/,Short I,levelup,s2l,FALSE
system,/i/,Short I,levelup,s2l,FALSE
crystal,/i/,Short I,levelup,s2l,FALSE
mystery,/i/,Short I,levelup,s2l,FALSE
typical,/i/,Short I,levelup,s2l,FALSE
lynx,/i/,Short I,levelup,s2l,FALSE
syrup,/i/,Short I,levelup,s2l,FALSE
physics,/i/,Short I,levelup,s3e,FALSE
cylinder,/i/,Short I,levelup,s3e,FALSE
hymn,/i/,Short I,levelup,s2l,FALSE
Egypt,/i/,Short I,levelup,s2l,FALSE
gypsy,/i/,Short I,levelup,s2l,FALSE
cyst,/i/,Short I,levelup,s2l,FALSE
pygmy,/i/,Short I,levelup,s3e,FALSE
nymph,/i/,Short I,levelup,s2l,FALSE
lyric,/i/,Short I,levelup,s2l,FALSE
olympic,/i/,Short I,levelup,s2l,FALSE
build,/i/,Short I,challenge,s2l,FALSE
pretty,/i/,Short I,challenge,s2e,FALSE
captain,/i/,Short I,challenge,s2l,FALSE
sieve,/i/,Short I,challenge,s3e,FALSE
women,/i/,Short I,challenge,s3e,FALSE
guilty,/i/,Short I,challenge,s2l,FALSE
guitar,/i/,Short I,challenge,s2l,FALSE
biscuit,/i/,Short I,challenge,s2l,FALSE
circuit,/i/,Short I,challenge,s3e,FALSE
lettuce,/i/,Short I,challenge,s3e,FALSE
minute,/i/,Short I,challenge,s3e,FALSE
mischief,/i/,Short I,challenge,s3e,FALSE
forfeit,/i/,Short I,challenge,s3l,FALSE
foreign,/i/,Short I,challenge,s3l,FALSE
sovereign,/i/,Short I,challenge,s4,FALSE
kerchief,/i/,Short I,challenge,s3l,FALSE
mischievous,/i/,Short I,challenge,s3l,FALSE
counterfeit,/i/,Short I,challenge,s3l,FALSE
surface,/i/,Short I,challenge,s3e,FALSE
message,/i/,Short I,challenge,s3e,FALSE
orange,/o/,Short O,starter,s2e,FALSE
frog,/o/,Short O,starter,s2e,FALSE
clock,/o/,Short O,starter,s2e,FALSE
knowledge,/o/,Short O,starter,s2l,FALSE
dog,/o/,Short O,starter,s2e,FALSE
stop,/o/,Short O,starter,s2e,FALSE
rock,/o/,Short O,starter,s2e,FALSE
pond,/o/,Short O,starter,s2e,FALSE
block,/o/,Short O,starter,s2e,FALSE
drop,/o/,Short O,starter,s2e,FALSE
strong,/o/,Short O,starter,s2e,FALSE
soft,/o/,Short O,starter,s2e,FALSE
chop,/o/,Short O,starter,s2e,FALSE
knock,/o/,Short O,starter,s2e,FALSE
frost,/o/,Short O,starter,s2e,FALSE
cross,/o/,Short O,starter,s2e,FALSE
cost,/o/,Short O,starter,s2e,FALSE
plot,/o/,Short O,starter,s2e,FALSE
moth,/o/,Short O,starter,s2e,FALSE
boss,/o/,Short O,starter,s2e,FALSE
want,/o/,Short O,levelup,s2e,FALSE
because,/o/,Short O,levelup,s2l,FALSE
wander,/o/,Short O,levelup,s2l,FALSE
wasp,/o/,Short O,levelup,s2e,FALSE
wattle,/o/,Short O,levelup,s2l,FALSE
warrant,/o/,Short O,levelup,s2l,FALSE
wash,/o/,Short O,levelup,s2e,FALSE
quality,/o/,Short O,levelup,s2l,FALSE
quantity,/o/,Short O,levelup,s2l,FALSE
squash,/o/,Short O,levelup,s2l,FALSE
swamp,/o/,Short O,levelup,s2e,FALSE
wombat,/o/,Short O,levelup,s2l,FALSE
launch,/o/,Short O,levelup,s2l,FALSE
haunt,/o/,Short O,levelup,s2l,FALSE
august,/o/,Short O,levelup,s2l,FALSE
caution,/o/,Short O,levelup,s2l,FALSE
laundry,/o/,Short O,levelup,s2l,FALSE
author,/o/,Short O,levelup,s2l,FALSE
automatic,/o/,Short O,levelup,s3e,FALSE
quarrel,/o/,Short O,levelup,s2l,FALSE
watch,/o/,Short O,challenge,s2e,FALSE
sausage,/o/,Short O,challenge,s2l,FALSE
swap,/o/,Short O,challenge,s2e,FALSE
cough,/o/,Short O,challenge,s3e,FALSE
laurel,/o/,Short O,challenge,s3l,FALSE
yacht,/o/,Short O,challenge,s3l,FALSE
trough,/o/,Short O,challenge,s3e,FALSE
astronaut,/o/,Short O,challenge,s3e,FALSE
dinosaur,/o/,Short O,challenge,s3e,FALSE
exhaust,/o/,Short O,challenge,s3e,FALSE
squalid,/o/,Short O,challenge,s3l,FALSE
squadron,/o/,Short O,challenge,s3l,FALSE
wallaby,/o/,Short O,challenge,s3e,FALSE
catalogue,/o/,Short O,challenge,s3l,FALSE
waffle,/o/,Short O,challenge,s2l,FALSE
cauliflower,/o/,Short O,challenge,s3l,FALSE
quarantine,/o/,Short O,challenge,s3l,FALSE
wallow,/o/,Short O,challenge,s2l,FALSE
acknowledge,/o/,Short O,challenge,s3l,FALSE
umbrella,/u/,Short U,starter,s2e,FALSE
stump,/u/,Short U,starter,s2e,FALSE
judge,/u/,Short U,starter,s2e,FALSE
dust,/u/,Short U,starter,s2e,FALSE
brush,/u/,Short U,starter,s2e,FALSE
trust,/u/,Short U,starter,s2e,FALSE
struck,/u/,Short U,starter,s2e,FALSE
crumb,/u/,Short U,starter,s2e,FALSE
blush,/u/,Short U,starter,s2e,FALSE
chunk,/u/,Short U,starter,s2e,FALSE
plumb,/u/,Short U,starter,s2e,FALSE
skull,/u/,Short U,starter,s2e,FALSE
drum,/u/,Short U,starter,s2e,FALSE
blunt,/u/,Short U,starter,s2e,FALSE
shrug,/u/,Short U,starter,s2e,FALSE
bunch,/u/,Short U,starter,s2e,FALSE
trunk,/u/,Short U,starter,s2e,FALSE
crush,/u/,Short U,starter,s2e,FALSE
monkey,/u/,Short U,levelup,s2e,FALSE
love,/u/,Short U,levelup,s2e,FALSE
flood,/u/,Short U,levelup,s2l,FALSE
front,/u/,Short U,levelup,s2e,FALSE
brother,/u/,Short U,levelup,s2e,FALSE
mother,/u/,Short U,levelup,s2e,FALSE
nothing,/u/,Short U,levelup,s2e,FALSE
wonder,/u/,Short U,levelup,s2e,FALSE
comfort,/u/,Short U,levelup,s2l,FALSE
stomach,/u/,Short U,levelup,s2l,FALSE
oven,/u/,Short U,levelup,s2e,FALSE
above,/u/,Short U,levelup,s2e,FALSE
onion,/u/,Short U,levelup,s2e,FALSE
blood,/u/,Short U,levelup,s2l,FALSE
dove,/u/,Short U,levelup,s2e,FALSE
shovel,/u/,Short U,levelup,s2l,FALSE
govern,/u/,Short U,levelup,s2l,FALSE
dozen,/u/,Short U,levelup,s2l,FALSE
sponge,/u/,Short U,levelup,s2e,FALSE
young,/u/,Short U,challenge,s2l,FALSE
tough,/u/,Short U,challenge,s3e,FALSE
double,/u/,Short U,challenge,s2l,FALSE
touch,/u/,Short U,challenge,s2l,FALSE
trouble,/u/,Short U,challenge,s2l,FALSE
couple,/u/,Short U,challenge,s2l,FALSE
country,/u/,Short U,challenge,s2l,FALSE
cousin,/u/,Short U,challenge,s2l,FALSE
courage,/u/,Short U,challenge,s3e,FALSE
enough,/u/,Short U,challenge,s3e,FALSE
flourish,/u/,Short U,challenge,s3e,FALSE
nourish,/u/,Short U,challenge,s3e,FALSE
southern,/u/,Short U,challenge,s3e,FALSE
encourage,/u/,Short U,challenge,s3e,FALSE
borough,/u/,Short U,challenge,s3l,FALSE
hiccough,/u/,Short U,challenge,s4,FALSE
bird,/er/,ER sound,starter,s2e,FALSE
nurse,/er/,ER sound,starter,s2e,FALSE
fern,/er/,ER sound,starter,s2e,FALSE
shirt,/er/,ER sound,starter,s2e,FALSE
turn,/er/,ER sound,starter,s2e,FALSE
girl,/er/,ER sound,starter,s2e,FALSE
first,/er/,ER sound,starter,s2e,FALSE
skirt,/er/,ER sound,starter,s2e,FALSE
burst,/er/,ER sound,starter,s2e,FALSE
church,/er/,ER sound,starter,s2e,FALSE
curb,/er/,ER sound,starter,s2e,FALSE
herb,/er/,ER sound,starter,s2e,FALSE
perm,/er/,ER sound,starter,s2e,FALSE
stern,/er/,ER sound,starter,s2e,FALSE
herd,/er/,ER sound,starter,s2e,FALSE
dirt,/er/,ER sound,starter,s2e,FALSE
purse,/er/,ER sound,starter,s2e,FALSE
third,/er/,ER sound,starter,s2e,FALSE
verb,/er/,ER sound,starter,s2e,FALSE
hurt,/er/,ER sound,starter,s2e,FALSE
world,/er/,ER sound,levelup,s2l,FALSE
early,/er/,ER sound,levelup,s2l,FALSE
surf,/er/,ER sound,levelup,s2e,FALSE
work,/er/,ER sound,levelup,s2l,FALSE
worm,/er/,ER sound,levelup,s2l,FALSE
worst,/er/,ER sound,levelup,s2l,FALSE
worth,/er/,ER sound,levelup,s2l,FALSE
earth,/er/,ER sound,levelup,s2l,FALSE
learn,/er/,ER sound,levelup,s2l,FALSE
search,/er/,ER sound,levelup,s2l,FALSE
pearl,/er/,ER sound,levelup,s2l,FALSE
rehearse,/er/,ER sound,levelup,s2l,FALSE
worship,/er/,ER sound,levelup,s2l,FALSE
curtain,/er/,ER sound,levelup,s2e,FALSE
turkey,/er/,ER sound,levelup,s2e,FALSE
circus,/er/,ER sound,levelup,s2e,FALSE
perfect,/er/,ER sound,levelup,s2l,FALSE
mercury,/er/,ER sound,levelup,s3e,FALSE
concern,/er/,ER sound,levelup,s2l,FALSE
journey,/er/,ER sound,challenge,s2l,FALSE
myrtle,/er/,ER sound,challenge,s2l,FALSE
courteous,/er/,ER sound,challenge,s3l,FALSE
scourge,/er/,ER sound,challenge,s3l,FALSE
journal,/er/,ER sound,challenge,s2l,FALSE
martyr,/er/,ER sound,challenge,s3e,FALSE
myrrh,/er/,ER sound,challenge,s4,FALSE
guerrilla,/er/,ER sound,challenge,s4,FALSE
determine,/er/,ER sound,challenge,s3e,FALSE
yearn,/er/,ER sound,challenge,s2l,FALSE
earnest,/er/,ER sound,challenge,s2l,FALSE
dervish,/er/,ER sound,challenge,s3e,FALSE
surname,/er/,ER sound,challenge,s3e,FALSE
absurd,/er/,ER sound,challenge,s3e,FALSE
suburb,/er/,ER sound,challenge,s3e,FALSE
whirlpool,/er/,ER sound,challenge,s3e,FALSE
thirsty,/er/,ER sound,challenge,s2l,FALSE
star,/ar/,AR sound,starter,s2e,FALSE
sharp,/ar/,AR sound,starter,s2e,FALSE
farm,/ar/,AR sound,starter,s2e,FALSE
park,/ar/,AR sound,starter,s2e,FALSE
car,/ar/,AR sound,starter,s2e,FALSE
garden,/ar/,AR sound,starter,s2e,FALSE
dark,/ar/,AR sound,starter,s2e,FALSE
March,/ar/,AR sound,starter,s2e,FALSE
arm,/ar/,AR sound,starter,s2e,FALSE
barn,/ar/,AR sound,starter,s2e,FALSE
chart,/ar/,AR sound,starter,s2e,FALSE
scarf,/ar/,AR sound,starter,s2e,FALSE
start,/ar/,AR sound,starter,s2e,FALSE
bark,/ar/,AR sound,starter,s2e,FALSE
spark,/ar/,AR sound,starter,s2e,FALSE
party,/ar/,AR sound,starter,s2e,FALSE
target,/ar/,AR sound,starter,s2e,FALSE
market,/ar/,AR sound,starter,s2e,FALSE
hard,/ar/,AR sound,starter,s2e,FALSE
glass,/ar/,AR sound,levelup,s2e,FALSE
heart,/ar/,AR sound,levelup,s2l,FALSE
calm,/ar/,AR sound,levelup,s2l,FALSE
father,/ar/,AR sound,levelup,s2e,FALSE
guard,/ar/,AR sound,levelup,s2l,FALSE
palm,/ar/,AR sound,levelup,s2l,FALSE
balm,/ar/,AR sound,levelup,s2l,FALSE
almond,/ar/,AR sound,levelup,s2l,FALSE
rather,/ar/,AR sound,levelup,s2e,FALSE
lather,/ar/,AR sound,levelup,s2l,FALSE
hearth,/ar/,AR sound,levelup,s2l,FALSE
clerk,/ar/,AR sound,levelup,s2l,FALSE
drama,/ar/,AR sound,levelup,s2e,FALSE
banana,/ar/,AR sound,levelup,s2e,FALSE
pasta,/ar/,AR sound,levelup,s2e,FALSE
command,/ar/,AR sound,levelup,s2l,FALSE
demand,/ar/,AR sound,levelup,s2l,FALSE
bazaar,/ar/,AR sound,levelup,s3e,FALSE
half,/ar/,AR sound,challenge,s2l,FALSE
laugh,/ar/,AR sound,challenge,s2l,FALSE
psalm,/ar/,AR sound,challenge,s3l,FALSE
halve,/ar/,AR sound,challenge,s2l,FALSE
draught,/ar/,AR sound,challenge,s3l,FALSE
aunt,/ar/,AR sound,challenge,s2l,FALSE
memoir,/ar/,AR sound,challenge,s4,FALSE
reservoir,/ar/,AR sound,challenge,s3l,FALSE
sergeant,/ar/,AR sound,challenge,s3l,FALSE
dharma,/ar/,AR sound,challenge,s4,FALSE
bizarre,/ar/,AR sound,challenge,s3l,FALSE
bravado,/ar/,AR sound,challenge,s3l,FALSE
charade,/ar/,AR sound,challenge,s3l,FALSE
facade,/ar/,AR sound,challenge,s3l,FALSE
safari,/ar/,AR sound,challenge,s3l,FALSE
khaki,/ar/,AR sound,challenge,s4,FALSE
garage,/ar/,AR sound,challenge,s3l,FALSE
horse,/or/,OR sound,starter,s2e,FALSE
core,/or/,OR sound,starter,s2e,FALSE
paw,/or/,OR sound,starter,s2e,FALSE
storm,/or/,OR sound,starter,s2e,FALSE
draw,/or/,OR sound,starter,s2e,FALSE
born,/or/,OR sound,starter,s2e,FALSE
sport,/or/,OR sound,starter,s2e,FALSE
fork,/or/,OR sound,starter,s2e,FALSE
corn,/or/,OR sound,starter,s2e,FALSE
shore,/or/,OR sound,starter,s2e,FALSE
store,/or/,OR sound,starter,s2e,FALSE
straw,/or/,OR sound,starter,s2e,FALSE
crawl,/or/,OR sound,starter,s2e,FALSE
lawn,/or/,OR sound,starter,s2e,FALSE
short,/or/,OR sound,starter,s2e,FALSE
snore,/or/,OR sound,starter,s2e,FALSE
sworn,/or/,OR sound,starter,s2e,FALSE
torn,/or/,OR sound,starter,s2e,FALSE
claw,/or/,OR sound,starter,s2e,FALSE
worn,/or/,OR sound,starter,s2e,FALSE
sauce,/or/,OR sound,levelup,s2l,FALSE
door,/or/,OR sound,levelup,s2l,FALSE
ball,/or/,OR sound,levelup,s2e,FALSE
floor,/or/,OR sound,levelup,s2l,FALSE
talk,/or/,OR sound,levelup,s2l,FALSE
walk,/or/,OR sound,levelup,s2l,FALSE
wall,/or/,OR sound,levelup,s2e,FALSE
chalk,/or/,OR sound,levelup,s2l,FALSE
stalk,/or/,OR sound,levelup,s2l,FALSE
fault,/or/,OR sound,levelup,s2l,FALSE
pause,/or/,OR sound,levelup,s2l,FALSE
cause,/or/,OR sound,levelup,s2l,FALSE
yawn,/or/,OR sound,levelup,s2e,FALSE
shawl,/or/,OR sound,levelup,s2l,FALSE
sprawl,/or/,OR sound,levelup,s2l,FALSE
pour,/or/,OR sound,levelup,s2l,FALSE
four,/or/,OR sound,levelup,s2l,FALSE
course,/or/,OR sound,levelup,s2l,FALSE
caught,/or/,OR sound,challenge,s2l,FALSE
bought,/or/,OR sound,challenge,s2l,FALSE
board,/or/,OR sound,challenge,s2l,FALSE
soar,/or/,OR sound,challenge,s2l,FALSE
roar,/or/,OR sound,challenge,s2l,FALSE
coarse,/or/,OR sound,challenge,s2l,FALSE
taught,/or/,OR sound,challenge,s2l,FALSE
daughter,/or/,OR sound,challenge,s2l,FALSE
thought,/or/,OR sound,challenge,s3e,FALSE
fought,/or/,OR sound,challenge,s3e,FALSE
brought,/or/,OR sound,challenge,s3e,FALSE
naughty,/or/,OR sound,challenge,s2l,FALSE
warm,/or/,OR sound,challenge,s2l,FALSE
war,/or/,OR sound,challenge,s2l,FALSE
reward,/or/,OR sound,challenge,s2l,FALSE
quarter,/or/,OR sound,challenge,s2l,FALSE
broad,/or/,OR sound,challenge,s3e,FALSE
abroad,/or/,OR sound,challenge,s3e,FALSE
swarm,/or/,OR sound,challenge,s2l,FALSE
chair,/air/,AIR sound,starter,s2e,FALSE
square,/air/,AIR sound,starter,s2e,FALSE
hair,/air/,AIR sound,starter,s2e,FALSE
share,/air/,AIR sound,starter,s2e,FALSE
bare,/air/,AIR sound,starter,s2e,FALSE
fair,/air/,AIR sound,starter,s2e,FALSE
pair,/air/,AIR sound,starter,s2e,FALSE
stair,/air/,AIR sound,starter,s2e,FALSE
care,/air/,AIR sound,starter,s2e,FALSE
dare,/air/,AIR sound,starter,s2e,FALSE
stare,/air/,AIR sound,starter,s2e,FALSE
spare,/air/,AIR sound,starter,s2e,FALSE
repair,/air/,AIR sound,starter,s2e,FALSE
scare,/air/,AIR sound,starter,s2e,FALSE
rare,/air/,AIR sound,starter,s2e,FALSE
flare,/air/,AIR sound,starter,s2e,FALSE
glare,/air/,AIR sound,starter,s2e,FALSE
affair,/air/,AIR sound,starter,s2l,FALSE
despair,/air/,AIR sound,starter,s2l,FALSE
prepare,/air/,AIR sound,starter,s2l,FALSE
bear,/air/,AIR sound,levelup,s2l,FALSE
where,/air/,AIR sound,levelup,s2l,FALSE
there,/air/,AIR sound,levelup,s2e,FALSE
wear,/air/,AIR sound,levelup,s2l,FALSE
swear,/air/,AIR sound,levelup,s2l,FALSE
pear,/air/,AIR sound,levelup,s2l,FALSE
tear,/air/,AIR sound,levelup,s2l,FALSE
aware,/air/,AIR sound,levelup,s2l,FALSE
declare,/air/,AIR sound,levelup,s2l,FALSE
compare,/air/,AIR sound,levelup,s2l,FALSE
nightmare,/air/,AIR sound,levelup,s2l,FALSE
welfare,/air/,AIR sound,levelup,s2l,FALSE
elsewhere,/air/,AIR sound,levelup,s2l,FALSE
unfair,/air/,AIR sound,levelup,s2l,FALSE
upstairs,/air/,AIR sound,levelup,s2l,FALSE
software,/air/,AIR sound,levelup,s2l,FALSE
hardware,/air/,AIR sound,levelup,s2l,FALSE
beware,/air/,AIR sound,levelup,s2l,FALSE
impair,/air/,AIR sound,levelup,s2l,FALSE
midair,/air/,AIR sound,levelup,s2l,FALSE
their,/air/,AIR sound,challenge,s2l,FALSE
heir,/air/,AIR sound,challenge,s3e,FALSE
prayer,/air/,AIR sound,challenge,s2l,FALSE
layer,/air/,AIR sound,challenge,s2l,FALSE
mayor,/air/,AIR sound,challenge,s2l,FALSE
aerial,/air/,AIR sound,challenge,s3e,FALSE
aeroplane,/air/,AIR sound,challenge,s3e,FALSE
millionaire,/air/,AIR sound,challenge,s3l,FALSE
questionnaire,/air/,AIR sound,challenge,s3l,FALSE
scarce,/air/,AIR sound,challenge,s3e,FALSE
parent,/air/,AIR sound,challenge,s2l,FALSE
various,/air/,AIR sound,challenge,s3e,FALSE
wary,/air/,AIR sound,challenge,s3e,FALSE
canary,/air/,AIR sound,challenge,s3e,FALSE
library,/air/,AIR sound,challenge,s3e,FALSE
temporary,/air/,AIR sound,challenge,s3l,FALSE
ordinary,/air/,AIR sound,challenge,s3l,FALSE
secretary,/air/,AIR sound,challenge,s3l,FALSE
pharaoh,/air/,AIR sound,challenge,s4,FALSE
eclair,/air/,AIR sound,challenge,s3l,FALSE
deer,/ear/,EAR sound,starter,s2e,FALSE
ear,/ear/,EAR sound,starter,s2e,FALSE
cheer,/ear/,EAR sound,starter,s2e,FALSE
fear,/ear/,EAR sound,starter,s2e,FALSE
near,/ear/,EAR sound,starter,s2e,FALSE
hear,/ear/,EAR sound,starter,s2e,FALSE
clear,/ear/,EAR sound,starter,s2e,FALSE
year,/ear/,EAR sound,starter,s2e,FALSE
steer,/ear/,EAR sound,starter,s2e,FALSE
beer,/ear/,EAR sound,starter,s2e,FALSE
peer,/ear/,EAR sound,starter,s2e,FALSE
spear,/ear/,EAR sound,starter,s2e,FALSE
appear,/ear/,EAR sound,starter,s2e,FALSE
gear,/ear/,EAR sound,starter,s2e,FALSE
sheer,/ear/,EAR sound,starter,s2e,FALSE
sneer,/ear/,EAR sound,starter,s2e,FALSE
career,/ear/,EAR sound,starter,s2e,FALSE
rear,/ear/,EAR sound,starter,s2e,FALSE
smear,/ear/,EAR sound,starter,s2e,FALSE
engineer,/ear/,EAR sound,starter,s2l,FALSE
here,/ear/,EAR sound,levelup,s2e,FALSE
pier,/ear/,EAR sound,levelup,s2l,FALSE
severe,/ear/,EAR sound,levelup,s2l,FALSE
sincere,/ear/,EAR sound,levelup,s2l,FALSE
interfere,/ear/,EAR sound,levelup,s2l,FALSE
atmosphere,/ear/,EAR sound,levelup,s3e,FALSE
sphere,/ear/,EAR sound,levelup,s3e,FALSE
frontier,/ear/,EAR sound,levelup,s3e,FALSE
cavalier,/ear/,EAR sound,levelup,s3l,FALSE
barrier,/ear/,EAR sound,levelup,s2l,FALSE
carrier,/ear/,EAR sound,levelup,s2l,FALSE
volunteer,/ear/,EAR sound,levelup,s2l,FALSE
pioneer,/ear/,EAR sound,levelup,s2l,FALSE
auctioneer,/ear/,EAR sound,levelup,s3e,FALSE
disappear,/ear/,EAR sound,levelup,s2l,FALSE
nuclear,/ear/,EAR sound,levelup,s3e,FALSE
adhere,/ear/,EAR sound,levelup,s3e,FALSE
premiere,/ear/,EAR sound,levelup,s3l,FALSE
chandelier,/ear/,EAR sound,levelup,s3l,FALSE
fierce,/ear/,EAR sound,challenge,s2l,FALSE
weird,/ear/,EAR sound,challenge,s3e,FALSE
cashier,/ear/,EAR sound,challenge,s3e,FALSE
austere,/ear/,EAR sound,challenge,s3l,FALSE
persevere,/ear/,EAR sound,challenge,s3l,FALSE
revere,/ear/,EAR sound,challenge,s3l,FALSE
souvenir,/ear/,EAR sound,challenge,s3l,FALSE
elixir,/ear/,EAR sound,challenge,s3l,FALSE
grenadier,/ear/,EAR sound,challenge,s4,FALSE
brigadier,/ear/,EAR sound,challenge,s4,FALSE
financier,/ear/,EAR sound,challenge,s4,FALSE
musketeer,/ear/,EAR sound,challenge,s3l,FALSE
profiteer,/ear/,EAR sound,challenge,s3l,FALSE
mountaineer,/ear/,EAR sound,challenge,s3l,FALSE
domineer,/ear/,EAR sound,challenge,s3l,FALSE
veneer,/ear/,EAR sound,challenge,s3l,FALSE
eerie,/ear/,EAR sound,challenge,s3e,FALSE
theory,/ear/,EAR sound,challenge,s3e,FALSE
period,/ear/,EAR sound,challenge,s3e,FALSE
material,/ear/,EAR sound,challenge,s3l,FALSE
blue,/oo/,OO (moon),starter,s2e,FALSE
flew,/oo/,OO (moon),starter,s2e,FALSE
grew,/oo/,OO (moon),starter,s2e,FALSE
tune,/oo/,OO (moon),starter,s2e,FALSE
rude,/oo/,OO (moon),starter,s2e,FALSE
zoom,/oo/,OO (moon),starter,s2e,FALSE
tooth,/oo/,OO (moon),starter,s2e,FALSE
crew,/oo/,OO (moon),starter,s2e,FALSE
stew,/oo/,OO (moon),starter,s2e,FALSE
proof,/oo/,OO (moon),starter,s2e,FALSE
canoe,/oo/,OO (moon),levelup,s2l,FALSE
wooed,/oo/,OO (moon),levelup,s3e,FALSE
assume,/oo/,OO (moon),levelup,s2l,FALSE
pursue,/oo/,OO (moon),levelup,s2l,FALSE
jewel,/oo/,OO (moon),levelup,s2l,FALSE
route,/oo/,OO (moon),levelup,s2l,FALSE
manoeuvre,/oo/,OO (moon),challenge,s4,FALSE
lieutenant,/oo/,OO (moon),challenge,s3l,FALSE
bruschetta,/oo/,OO (moon),challenge,s3l,FALSE
truth,/oo/,OO (moon),challenge,s2e,FALSE
ruin,/oo/,OO (moon),challenge,s3e,FALSE
nuisance,/oo/,OO (moon),challenge,s3e,FALSE
suitable,/oo/,OO (moon),challenge,s3e,FALSE
acoustic,/oo/,OO (moon),challenge,s3e,FALSE
rendezvous,/oo/,OO (moon),challenge,s4,FALSE
rheumatism,/oo/,OO (moon),challenge,s4,FALSE
sleuth,/oo/,OO (moon),challenge,s3l,FALSE
movement,/oo/,OO (moon),challenge,s2l,FALSE
approve,/oo/,OO (moon),challenge,s2l,FALSE
book,/oo/,OO (book),starter,s2e,FALSE
cook,/oo/,OO (book),starter,s2e,FALSE
foot,/oo/,OO (book),starter,s2e,FALSE
full,/oo/,OO (book),starter,s2e,FALSE
stood,/oo/,OO (book),starter,s2e,FALSE
good,/oo/,OO (book),starter,s2e,FALSE
wood,/oo/,OO (book),starter,s2e,FALSE
hook,/oo/,OO (book),starter,s2e,FALSE
look,/oo/,OO (book),starter,s2e,FALSE
took,/oo/,OO (book),starter,s2e,FALSE
shook,/oo/,OO (book),starter,s2e,FALSE
wool,/oo/,OO (book),starter,s2e,FALSE
pull,/oo/,OO (book),starter,s2e,FALSE
push,/oo/,OO (book),starter,s2e,FALSE
put,/oo/,OO (book),starter,s2e,FALSE
brook,/oo/,OO (book),starter,s2e,FALSE
nook,/oo/,OO (book),starter,s2e,FALSE
hood,/oo/,OO (book),starter,s2e,FALSE
crook,/oo/,OO (book),starter,s2e,FALSE
bull,/oo/,OO (book),starter,s2e,FALSE
would,/oo/,OO (book),levelup,s2l,FALSE
sugar,/oo/,OO (book),levelup,s2l,FALSE
bushel,/oo/,OO (book),levelup,s2l,FALSE
cushion,/oo/,OO (book),levelup,s2l,FALSE
pudding,/oo/,OO (book),levelup,s2e,FALSE
butcher,/oo/,OO (book),levelup,s2e,FALSE
bullet,/oo/,OO (book),levelup,s2e,FALSE
pulley,/oo/,OO (book),levelup,s2l,FALSE
bushfire,/oo/,OO (book),levelup,s2l,FALSE
childhood,/oo/,OO (book),levelup,s2l,FALSE
neighbourhood,/oo/,OO (book),levelup,s2l,FALSE
likelihood,/oo/,OO (book),levelup,s3e,FALSE
footprint,/oo/,OO (book),levelup,s2e,FALSE
overlook,/oo/,OO (book),levelup,s2l,FALSE
mistook,/oo/,OO (book),levelup,s2l,FALSE
outlook,/oo/,OO (book),levelup,s2l,FALSE
forsook,/oo/,OO (book),levelup,s3e,FALSE
textbook,/oo/,OO (book),levelup,s2l,FALSE
handbook,/oo/,OO (book),levelup,s2l,FALSE
could,/oo/,OO (book),challenge,s2l,FALSE
should,/oo/,OO (book),challenge,s2l,FALSE
wolf,/oo/,OO (book),challenge,s2l,FALSE
courier,/oo/,OO (book),challenge,s3e,FALSE
woman,/oo/,OO (book),challenge,s2l,FALSE
bosom,/oo/,OO (book),challenge,s3e,FALSE
worsted,/oo/,OO (book),challenge,s3l,FALSE
tour,/oo/,OO (book),challenge,s2l,FALSE
gourmet,/oo/,OO (book),challenge,s3l,FALSE
detour,/oo/,OO (book),challenge,s3e,FALSE
bourgeois,/oo/,OO (book),challenge,s4,FALSE
ambush,/oo/,OO (book),challenge,s2l,FALSE
cuckoo,/oo/,OO (book),challenge,s3e,FALSE
fulcrum,/oo/,OO (book),challenge,s3l,FALSE
bouquet,/oo/,OO (book),challenge,s3l,FALSE
crooked,/oo/,OO (book),challenge,s2l,FALSE
hoodwink,/oo/,OO (book),challenge,s2l,FALSE
soot,/oo/,OO (book),challenge,s2l,FALSE
withstood,/oo/,OO (book),challenge,s2l,FALSE
livelihood,/oo/,OO (book),challenge,s3e,FALSE
cloud,/ow/,OW sound,starter,s2e,FALSE
flower,/ow/,OW sound,starter,s2e,FALSE
mouth,/ow/,OW sound,starter,s2e,FALSE
town,/ow/,OW sound,starter,s2e,FALSE
shout,/ow/,OW sound,starter,s2e,FALSE
crown,/ow/,OW sound,starter,s2e,FALSE
frown,/ow/,OW sound,starter,s2e,FALSE
brown,/ow/,OW sound,starter,s2e,FALSE
ground,/ow/,OW sound,starter,s2e,FALSE
round,/ow/,OW sound,starter,s2e,FALSE
found,/ow/,OW sound,starter,s2e,FALSE
owl,/ow/,OW sound,starter,s2e,FALSE
down,/ow/,OW sound,starter,s2e,FALSE
house,/ow/,OW sound,starter,s2e,FALSE
loud,/ow/,OW sound,starter,s2e,FALSE
growl,/ow/,OW sound,starter,s2e,FALSE
powder,/ow/,OW sound,starter,s2e,FALSE
count,/ow/,OW sound,starter,s2e,FALSE
bounce,/ow/,OW sound,starter,s2e,FALSE
towel,/ow/,OW sound,starter,s2e,FALSE
amount,/ow/,OW sound,levelup,s2e,FALSE
announce,/ow/,OW sound,levelup,s2l,FALSE
surround,/ow/,OW sound,levelup,s2l,FALSE
mountain,/ow/,OW sound,levelup,s2l,FALSE
account,/ow/,OW sound,levelup,s2l,FALSE
council,/ow/,OW sound,levelup,s2l,FALSE
devour,/ow/,OW sound,levelup,s2l,FALSE
scowl,/ow/,OW sound,levelup,s2e,FALSE
prowl,/ow/,OW sound,levelup,s2e,FALSE
drowsy,/ow/,OW sound,levelup,s2l,FALSE
allowance,/ow/,OW sound,levelup,s2l,FALSE
encounter,/ow/,OW sound,levelup,s2l,FALSE
boundary,/ow/,OW sound,levelup,s2l,FALSE
compound,/ow/,OW sound,levelup,s2l,FALSE
coward,/ow/,OW sound,levelup,s2l,FALSE
vowel,/ow/,OW sound,levelup,s2l,FALSE
trousers,/ow/,OW sound,levelup,s2l,FALSE
pronounce,/ow/,OW sound,levelup,s2l,FALSE
eyebrow,/ow/,OW sound,levelup,s2l,FALSE
outbound,/ow/,OW sound,levelup,s2l,FALSE
drought,/ow/,OW sound,challenge,s3e,FALSE
bough,/ow/,OW sound,challenge,s3e,FALSE
ounce,/ow/,OW sound,challenge,s2l,FALSE
denounce,/ow/,OW sound,challenge,s3e,FALSE
outstanding,/ow/,OW sound,challenge,s3e,FALSE
outrageous,/ow/,OW sound,challenge,s3l,FALSE
scoundrel,/ow/,OW sound,challenge,s3e,FALSE
prowess,/ow/,OW sound,challenge,s3l,FALSE
downpour,/ow/,OW sound,challenge,s3e,FALSE
devout,/ow/,OW sound,challenge,s3e,FALSE
resound,/ow/,OW sound,challenge,s3e,FALSE
renounce,/ow/,OW sound,challenge,s3e,FALSE
prowler,/ow/,OW sound,challenge,s3e,FALSE
flounder,/ow/,OW sound,challenge,s3e,FALSE
astound,/ow/,OW sound,challenge,s3e,FALSE
boy,/oi/,OY sound,starter,s2e,FALSE
coin,/oi/,OY sound,starter,s2e,FALSE
noise,/oi/,OY sound,starter,s2e,FALSE
soil,/oi/,OY sound,starter,s2e,FALSE
toy,/oi/,OY sound,starter,s2e,FALSE
joy,/oi/,OY sound,starter,s2e,FALSE
join,/oi/,OY sound,starter,s2e,FALSE
point,/oi/,OY sound,starter,s2e,FALSE
boil,/oi/,OY sound,starter,s2e,FALSE
oil,/oi/,OY sound,starter,s2e,FALSE
foil,/oi/,OY sound,starter,s2e,FALSE
coil,/oi/,OY sound,starter,s2e,FALSE
moist,/oi/,OY sound,starter,s2e,FALSE
voice,/oi/,OY sound,starter,s2e,FALSE
choice,/oi/,OY sound,starter,s2e,FALSE
annoy,/oi/,OY sound,starter,s2e,FALSE
destroy,/oi/,OY sound,starter,s2l,FALSE
toilet,/oi/,OY sound,starter,s2e,FALSE
poison,/oi/,OY sound,starter,s2e,FALSE
loyal,/oi/,OY sound,starter,s2l,FALSE
enjoy,/oi/,OY sound,levelup,s2e,FALSE
royal,/oi/,OY sound,levelup,s2l,FALSE
turmoil,/oi/,OY sound,levelup,s2l,FALSE
moisture,/oi/,OY sound,levelup,s2l,FALSE
exploit,/oi/,OY sound,levelup,s2l,FALSE
appoint,/oi/,OY sound,levelup,s2l,FALSE
disappoint,/oi/,OY sound,levelup,s2l,FALSE
voyage,/oi/,OY sound,levelup,s2l,FALSE
joyful,/oi/,OY sound,levelup,s2l,FALSE
oyster,/oi/,OY sound,levelup,s2l,FALSE
decoy,/oi/,OY sound,levelup,s2l,FALSE
employ,/oi/,OY sound,levelup,s2l,FALSE
embroid,/oi/,OY sound,levelup,s2l,FALSE
recoil,/oi/,OY sound,levelup,s2l,FALSE
boycott,/oi/,OY sound,levelup,s2l,FALSE
ointment,/oi/,OY sound,levelup,s2l,FALSE
avoid,/oi/,OY sound,levelup,s2l,FALSE
embroider,/oi/,OY sound,levelup,s2l,FALSE
toyshop,/oi/,OY sound,levelup,s2e,FALSE
rejoice,/oi/,OY sound,levelup,s2l,FALSE
buoy,/oi/,OY sound,challenge,s3e,FALSE
gargoyle,/oi/,OY sound,challenge,s3e,FALSE
paranoia,/oi/,OY sound,challenge,s3l,FALSE
asteroid,/oi/,OY sound,challenge,s3e,FALSE
android,/oi/,OY sound,challenge,s3e,FALSE
thyroid,/oi/,OY sound,challenge,s3l,FALSE
tabloid,/oi/,OY sound,challenge,s3e,FALSE
porpoise,/oi/,OY sound,challenge,s3e,FALSE
tortoise,/oi/,OY sound,challenge,s3e,FALSE
turquoise,/oi/,OY sound,challenge,s3e,FALSE
flamboyant,/oi/,OY sound,challenge,s3l,FALSE
clairvoyant,/oi/,OY sound,challenge,s3l,FALSE
buoyant,/oi/,OY sound,challenge,s3l,FALSE
adroit,/oi/,OY sound,challenge,s3l,FALSE
reconnoitre,/oi/,OY sound,challenge,s4,FALSE
sirloin,/oi/,OY sound,challenge,s3l,FALSE
corduroy,/oi/,OY sound,challenge,s3l,FALSE
viceroy,/oi/,OY sound,challenge,s3l,FALSE
chicken,/ch/,CH sound,starter,s2e,FALSE
lunch,/ch/,CH sound,starter,s2e,FALSE
peach,/ch/,CH sound,starter,s2e,FALSE
chin,/ch/,CH sound,starter,s2e,FALSE
change,/ch/,CH sound,starter,s2e,FALSE
chase,/ch/,CH sound,starter,s2e,FALSE
child,/ch/,CH sound,starter,s2e,FALSE
chip,/ch/,CH sound,starter,s2e,FALSE
choose,/ch/,CH sound,starter,s2e,FALSE
such,/ch/,CH sound,starter,s2e,FALSE
each,/ch/,CH sound,starter,s2e,FALSE
teach,/ch/,CH sound,starter,s2e,FALSE
match,/ch/,CH sound,levelup,s2e,FALSE
catch,/ch/,CH sound,levelup,s2e,FALSE
fetch,/ch/,CH sound,levelup,s2e,FALSE
nature,/ch/,CH sound,levelup,s2l,FALSE
future,/ch/,CH sound,levelup,s2l,FALSE
kitchen,/ch/,CH sound,levelup,s2e,FALSE
stretch,/ch/,CH sound,levelup,s2e,FALSE
patch,/ch/,CH sound,levelup,s2e,FALSE
ditch,/ch/,CH sound,levelup,s2e,FALSE
switch,/ch/,CH sound,levelup,s2e,FALSE
hatch,/ch/,CH sound,levelup,s2e,FALSE
pitch,/ch/,CH sound,levelup,s2e,FALSE
scratch,/ch/,CH sound,levelup,s2e,FALSE
snatch,/ch/,CH sound,levelup,s2e,FALSE
thatch,/ch/,CH sound,levelup,s2l,FALSE
hutch,/ch/,CH sound,levelup,s2e,FALSE
notch,/ch/,CH sound,levelup,s2e,FALSE
question,/ch/,CH sound,challenge,s2l,FALSE
creature,/ch/,CH sound,challenge,s2l,FALSE
mixture,/ch/,CH sound,challenge,s2l,FALSE
picture,/ch/,CH sound,challenge,s2e,FALSE
adventure,/ch/,CH sound,challenge,s3e,FALSE
capture,/ch/,CH sound,challenge,s2l,FALSE
culture,/ch/,CH sound,challenge,s2l,FALSE
fracture,/ch/,CH sound,challenge,s2l,FALSE
furniture,/ch/,CH sound,challenge,s3e,FALSE
lecture,/ch/,CH sound,challenge,s2l,FALSE
manufacture,/ch/,CH sound,challenge,s3e,FALSE
pasture,/ch/,CH sound,challenge,s2l,FALSE
posture,/ch/,CH sound,challenge,s2l,FALSE
puncture,/ch/,CH sound,challenge,s2l,FALSE
sculpture,/ch/,CH sound,challenge,s3e,FALSE
signature,/ch/,CH sound,challenge,s3e,FALSE
structure,/ch/,CH sound,challenge,s3e,FALSE
texture,/ch/,CH sound,challenge,s2l,FALSE
venture,/ch/,CH sound,challenge,s2l,FALSE
shell,/sh/,SH sound,starter,s2e,FALSE
flash,/sh/,SH sound,starter,s2e,FALSE
shade,/sh/,SH sound,starter,s2e,FALSE
shake,/sh/,SH sound,starter,s2e,FALSE
shape,/sh/,SH sound,starter,s2e,FALSE
sheep,/sh/,SH sound,starter,s2e,FALSE
shine,/sh/,SH sound,starter,s2e,FALSE
ship,/sh/,SH sound,starter,s2e,FALSE
shop,/sh/,SH sound,starter,s2e,FALSE
shut,/sh/,SH sound,starter,s2e,FALSE
finish,/sh/,SH sound,starter,s2e,FALSE
wish,/sh/,SH sound,starter,s2e,FALSE
chef,/sh/,SH sound,levelup,s2l,FALSE
nation,/sh/,SH sound,levelup,s2l,FALSE
fraction,/sh/,SH sound,levelup,s2l,FALSE
mention,/sh/,SH sound,levelup,s2l,FALSE
motion,/sh/,SH sound,levelup,s2l,FALSE
option,/sh/,SH sound,levelup,s2l,FALSE
potion,/sh/,SH sound,levelup,s2l,FALSE
portion,/sh/,SH sound,levelup,s2l,FALSE
section,/sh/,SH sound,levelup,s2l,FALSE
position,/sh/,SH sound,levelup,s2l,FALSE
direction,/sh/,SH sound,levelup,s2l,FALSE
education,/sh/,SH sound,levelup,s3e,FALSE
invention,/sh/,SH sound,levelup,s2l,FALSE
partial,/sh/,SH sound,levelup,s2l,FALSE
patient,/sh/,SH sound,levelup,s2l,FALSE
initial,/sh/,SH sound,levelup,s3e,FALSE
essential,/sh/,SH sound,levelup,s3e,FALSE
station,/sh/,SH sound,challenge,s2l,FALSE
tension,/sh/,SH sound,challenge,s2l,FALSE
mission,/sh/,SH sound,challenge,s2l,FALSE
action,/sh/,SH sound,challenge,s2l,FALSE
passion,/sh/,SH sound,challenge,s2l,FALSE
magician,/sh/,SH sound,challenge,s3e,FALSE
special,/sh/,SH sound,challenge,s2l,FALSE
ancient,/sh/,SH sound,challenge,s3e,FALSE
glacier,/sh/,SH sound,challenge,s3l,FALSE
official,/sh/,SH sound,challenge,s3e,FALSE
musician,/sh/,SH sound,challenge,s3e,FALSE
precious,/sh/,SH sound,challenge,s3e,FALSE
suspicious,/sh/,SH sound,challenge,s3e,FALSE
permission,/sh/,SH sound,challenge,s2l,FALSE
expression,/sh/,SH sound,challenge,s3e,FALSE
discussion,/sh/,SH sound,challenge,s3e,FALSE
impression,/sh/,SH sound,challenge,s3e,FALSE
profession,/sh/,SH sound,challenge,s3e,FALSE
admission,/sh/,SH sound,challenge,s3e,FALSE
concession,/sh/,SH sound,challenge,s3e,FALSE
thin,/th/,TH sound,starter,s2e,FALSE
feather,/th/,TH sound,starter,s2e,FALSE
thong,/th/,TH sound,starter,s2e,FALSE
cloth,/th/,TH sound,starter,s2e,FALSE
think,/th/,TH sound,starter,s2e,FALSE
smooth,/th/,TH sound,starter,s2e,FALSE
thank,/th/,TH sound,starter,s2e,FALSE
thick,/th/,TH sound,starter,s2e,FALSE
thorn,/th/,TH sound,starter,s2e,FALSE
three,/th/,TH sound,starter,s2e,FALSE
throw,/th/,TH sound,starter,s2e,FALSE
thunder,/th/,TH sound,starter,s2e,FALSE
math,/th/,TH sound,starter,s2e,FALSE
path,/th/,TH sound,starter,s2e,FALSE
health,/th/,TH sound,starter,s2e,FALSE
weather,/th/,TH sound,levelup,s2e,FALSE
width,/th/,TH sound,levelup,s2e,FALSE
the,/th/,TH sound,levelup,s2e,FALSE
them,/th/,TH sound,levelup,s2e,FALSE
then,/th/,TH sound,levelup,s2e,FALSE
this,/th/,TH sound,levelup,s2e,FALSE
those,/th/,TH sound,levelup,s2e,FALSE
gather,/th/,TH sound,levelup,s2e,FALSE
leather,/th/,TH sound,levelup,s2e,FALSE
another,/th/,TH sound,levelup,s2e,FALSE
together,/th/,TH sound,levelup,s2e,FALSE
breathe,/th/,TH sound,levelup,s2l,FALSE
phthisis,/th/,TH sound,challenge,s4,FALSE
ophthalmic,/th/,TH sound,challenge,s4,FALSE
thyme,/th/,TH sound,challenge,s3e,FALSE
marathon,/th/,TH sound,challenge,s3e,FALSE
sympathy,/th/,TH sound,challenge,s3e,FALSE
empathy,/th/,TH sound,challenge,s3e,FALSE
therapy,/th/,TH sound,challenge,s3e,FALSE
thermal,/th/,TH sound,challenge,s3e,FALSE
throne,/th/,TH sound,challenge,s2l,FALSE
panther,/th/,TH sound,challenge,s2l,FALSE
labyrinth,/th/,TH sound,challenge,s3e,FALSE
thermometer,/th/,TH sound,challenge,s3e,FALSE
arithmetic,/th/,TH sound,challenge,s3e,FALSE
mythology,/th/,TH sound,challenge,s3e,FALSE
authentic,/th/,TH sound,challenge,s3e,FALSE
cathedral,/th/,TH sound,challenge,s3e,FALSE
enthusiastic,/th/,TH sound,challenge,s3l,FALSE
fish,/f/,F sound,starter,s2e,FALSE
fan,/f/,F sound,starter,s2e,FALSE
fall,/f/,F sound,starter,s2e,FALSE
fire,/f/,F sound,starter,s2e,FALSE
forest,/f/,F sound,starter,s2e,FALSE
roof,/f/,F sound,starter,s2e,FALSE
safe,/f/,F sound,starter,s2e,FALSE
life,/f/,F sound,starter,s2e,FALSE
cliff,/f/,F sound,levelup,s2e,FALSE
phone,/f/,F sound,levelup,s2e,FALSE
staff,/f/,F sound,levelup,s2e,FALSE
trophy,/f/,F sound,levelup,s2l,FALSE
differ,/f/,F sound,levelup,s2e,FALSE
effort,/f/,F sound,levelup,s2e,FALSE
effect,/f/,F sound,levelup,s2l,FALSE
offer,/f/,F sound,levelup,s2e,FALSE
office,/f/,F sound,levelup,s2e,FALSE
suffer,/f/,F sound,levelup,s2e,FALSE
stiff,/f/,F sound,levelup,s2e,FALSE
scoff,/f/,F sound,levelup,s2e,FALSE
bluff,/f/,F sound,levelup,s2e,FALSE
pharmacy,/f/,F sound,levelup,s3e,FALSE
photo,/f/,F sound,levelup,s2e,FALSE
phrase,/f/,F sound,levelup,s2l,FALSE
dolphin,/f/,F sound,levelup,s2l,FALSE
alphabet,/f/,F sound,levelup,s2l,FALSE
laugh,/f/,F sound,challenge,s2l,FALSE
rough,/f/,F sound,challenge,s3e,FALSE
triumph,/f/,F sound,challenge,s3e,FALSE
telegraph,/f/,F sound,challenge,s3e,FALSE
paragraph,/f/,F sound,challenge,s3e,FALSE
autograph,/f/,F sound,challenge,s3e,FALSE
photograph,/f/,F sound,challenge,s3e,FALSE
orphan,/f/,F sound,challenge,s2l,FALSE
geography,/f/,F sound,challenge,s3e,FALSE
philosophy,/f/,F sound,challenge,s3l,FALSE
physical,/f/,F sound,challenge,s3e,FALSE
jump,/j/,J sound,starter,s2e,FALSE
jar,/j/,J sound,starter,s2e,FALSE
jet,/j/,J sound,starter,s2e,FALSE
jab,/j/,J sound,starter,s2e,FALSE
jacket,/j/,J sound,starter,s2e,FALSE
jam,/j/,J sound,starter,s2e,FALSE
jelly,/j/,J sound,starter,s2e,FALSE
jigsaw,/j/,J sound,starter,s2e,FALSE
joke,/j/,J sound,starter,s2e,FALSE
jungle,/j/,J sound,starter,s2e,FALSE
just,/j/,J sound,starter,s2e,FALSE
jiggle,/j/,J sound,starter,s2e,FALSE
janitor,/j/,J sound,starter,s2l,FALSE
jolt,/j/,J sound,starter,s2e,FALSE
giraffe,/j/,J sound,levelup,s2l,FALSE
bridge,/j/,J sound,levelup,s2e,FALSE
edge,/j/,J sound,levelup,s2e,FALSE
giant,/j/,J sound,levelup,s2e,FALSE
strange,/j/,J sound,levelup,s2e,FALSE
gem,/j/,J sound,levelup,s2e,FALSE
gentle,/j/,J sound,levelup,s2e,FALSE
ginger,/j/,J sound,levelup,s2e,FALSE
magic,/j/,J sound,levelup,s2e,FALSE
danger,/j/,J sound,levelup,s2e,FALSE
badge,/j/,J sound,levelup,s2e,FALSE
fridge,/j/,J sound,levelup,s2e,FALSE
hedge,/j/,J sound,levelup,s2e,FALSE
ledge,/j/,J sound,levelup,s2e,FALSE
nudge,/j/,J sound,levelup,s2e,FALSE
pledge,/j/,J sound,levelup,s2e,FALSE
ridge,/j/,J sound,levelup,s2e,FALSE
wedge,/j/,J sound,levelup,s2e,FALSE
region,/j/,J sound,challenge,s2l,FALSE
exaggerate,/j/,J sound,challenge,s3e,FALSE
soldier,/j/,J sound,challenge,s3e,FALSE
age,/j/,J sound,challenge,s2e,FALSE
cage,/j/,J sound,challenge,s2e,FALSE
huge,/j/,J sound,challenge,s2e,FALSE
page,/j/,J sound,challenge,s2e,FALSE
stage,/j/,J sound,challenge,s2e,FALSE
manage,/j/,J sound,challenge,s2l,FALSE
damage,/j/,J sound,challenge,s2l,FALSE
village,/j/,J sound,challenge,s2l,FALSE
passage,/j/,J sound,challenge,s2l,FALSE
bandage,/j/,J sound,challenge,s2l,FALSE
luggage,/j/,J sound,challenge,s2l,FALSE
garbage,/j/,J sound,challenge,s2l,FALSE
average,/j/,J sound,challenge,s2l,FALSE
kite,/k/,K sound,starter,s2e,FALSE
cat,/k/,K sound,starter,s2e,FALSE
sock,/k/,K sound,starter,s2e,FALSE
trick,/k/,K sound,starter,s2e,FALSE
crack,/k/,K sound,starter,s2e,FALSE
cap,/k/,K sound,starter,s2e,FALSE
cold,/k/,K sound,starter,s2e,FALSE
come,/k/,K sound,starter,s2e,FALSE
cup,/k/,K sound,starter,s2e,FALSE
keep,/k/,K sound,starter,s2e,FALSE
kick,/k/,K sound,starter,s2e,FALSE
kind,/k/,K sound,starter,s2e,FALSE
king,/k/,K sound,starter,s2e,FALSE
duck,/k/,K sound,starter,s2e,FALSE
back,/k/,K sound,starter,s2e,FALSE
lock,/k/,K sound,starter,s2e,FALSE
stick,/k/,K sound,starter,s2e,FALSE
cube,/k/,K sound,levelup,s2e,FALSE
trek,/k/,K sound,levelup,s2e,FALSE
chorus,/k/,K sound,levelup,s2l,FALSE
character,/k/,K sound,levelup,s2l,FALSE
chemical,/k/,K sound,levelup,s2l,FALSE
chrome,/k/,K sound,levelup,s2l,FALSE
echo,/k/,K sound,levelup,s2e,FALSE
monarch,/k/,K sound,levelup,s2l,FALSE
orchestra,/k/,K sound,levelup,s3e,FALSE
scheme,/k/,K sound,levelup,s2l,FALSE
ache,/k/,K sound,levelup,s2l,FALSE
technology,/k/,K sound,levelup,s3e,FALSE
archaeology,/k/,K sound,levelup,s3l,FALSE
chaos,/k/,K sound,levelup,s3e,FALSE
chlorine,/k/,K sound,levelup,s3e,FALSE
school,/k/,K sound,challenge,s2e,FALSE
cheque,/k/,K sound,challenge,s3e,FALSE
antique,/k/,K sound,challenge,s3e,FALSE
technique,/k/,K sound,challenge,s3e,FALSE
boutique,/k/,K sound,challenge,s3l,FALSE
mystique,/k/,K sound,challenge,s3l,FALSE
physique,/k/,K sound,challenge,s3l,FALSE
plaque,/k/,K sound,challenge,s3l,FALSE
mosque,/k/,K sound,challenge,s3l,FALSE
opaque,/k/,K sound,challenge,s3l,FALSE
grotesque,/k/,K sound,challenge,s3l,FALSE
picturesque,/k/,K sound,challenge,s3l,FALSE
banquet,/k/,K sound,challenge,s3e,FALSE
croquet,/k/,K sound,challenge,s3l,FALSE
etiquette,/k/,K sound,challenge,s3l,FALSE
marquee,/k/,K sound,challenge,s4,FALSE
lacquer,/k/,K sound,challenge,s4,FALSE
net,/n/,N sound,starter,s2e,FALSE
nest,/n/,N sound,starter,s2e,FALSE
kneel,/n/,N sound,starter,s2e,FALSE
neck,/n/,N sound,starter,s2e,FALSE
next,/n/,N sound,starter,s2e,FALSE
nice,/n/,N sound,starter,s2e,FALSE
nine,/n/,N sound,starter,s2e,FALSE
north,/n/,N sound,starter,s2e,FALSE
note,/n/,N sound,starter,s2e,FALSE
number,/n/,N sound,starter,s2e,FALSE
plan,/n/,N sound,starter,s2e,FALSE
open,/n/,N sound,starter,s2e,FALSE
knife,/n/,N sound,levelup,s2e,FALSE
know,/n/,N sound,levelup,s2e,FALSE
gnaw,/n/,N sound,levelup,s2l,FALSE
knuckle,/n/,N sound,levelup,s2l,FALSE
gnarl,/n/,N sound,levelup,s2l,FALSE
innate,/n/,N sound,levelup,s3e,FALSE
dinner,/n/,N sound,levelup,s2e,FALSE
penny,/n/,N sound,levelup,s2e,FALSE
tennis,/n/,N sound,levelup,s2e,FALSE
tunnel,/n/,N sound,levelup,s2e,FALSE
banner,/n/,N sound,levelup,s2e,FALSE
manner,/n/,N sound,levelup,s2e,FALSE
connect,/n/,N sound,levelup,s2l,FALSE
innocent,/n/,N sound,levelup,s2l,FALSE
knight,/n/,N sound,levelup,s2e,FALSE
knot,/n/,N sound,levelup,s2e,FALSE
knit,/n/,N sound,levelup,s2e,FALSE
gnome,/n/,N sound,challenge,s2l,FALSE
mnemonic,/n/,N sound,challenge,s4,FALSE
pneumonia,/n/,N sound,challenge,s3l,FALSE
gnash,/n/,N sound,challenge,s2l,FALSE
gnat,/n/,N sound,challenge,s2l,FALSE
sign,/n/,N sound,challenge,s3e,FALSE
design,/n/,N sound,challenge,s3e,FALSE
campaign,/n/,N sound,challenge,s3e,FALSE
assign,/n/,N sound,challenge,s3e,FALSE
align,/n/,N sound,challenge,s3e,FALSE
benign,/n/,N sound,challenge,s3e,FALSE
cologne,/n/,N sound,challenge,s3e,FALSE
lasagne,/n/,N sound,challenge,s3l,FALSE
champagne,/n/,N sound,challenge,s3l,FALSE
robot,/r/,R sound,starter,s2e,FALSE
run,/r/,R sound,starter,s2e,FALSE
bring,/r/,R sound,starter,s2e,FALSE
wrench,/r/,R sound,starter,s2l,FALSE
race,/r/,R sound,starter,s2e,FALSE
reach,/r/,R sound,starter,s2e,FALSE
red,/r/,R sound,starter,s2e,FALSE
rich,/r/,R sound,starter,s2e,FALSE
river,/r/,R sound,starter,s2e,FALSE
carrot,/r/,R sound,levelup,s2e,FALSE
wrist,/r/,R sound,levelup,s2l,FALSE
wrong,/r/,R sound,levelup,s2e,FALSE
rhythm,/r/,R sound,levelup,s3e,FALSE
rhombus,/r/,R sound,levelup,s3e,FALSE
arrange,/r/,R sound,levelup,s2e,FALSE
barrel,/r/,R sound,levelup,s2e,FALSE
borrow,/r/,R sound,levelup,s2e,FALSE
correct,/r/,R sound,levelup,s2e,FALSE
mirror,/r/,R sound,levelup,s2e,FALSE
narrow,/r/,R sound,levelup,s2e,FALSE
parrot,/r/,R sound,levelup,s2e,FALSE
sparrow,/r/,R sound,levelup,s2e,FALSE
terrific,/r/,R sound,levelup,s2l,FALSE
tomorrow,/r/,R sound,levelup,s2e,FALSE
wrap,/r/,R sound,levelup,s2l,FALSE
wreck,/r/,R sound,levelup,s2l,FALSE
write,/r/,R sound,levelup,s2l,FALSE
written,/r/,R sound,levelup,s2l,FALSE
wriggle,/r/,R sound,levelup,s2l,FALSE
diarrhoea,/r/,R sound,challenge,s4,FALSE
catarrh,/r/,R sound,challenge,s4,FALSE
rhinoceros,/r/,R sound,challenge,s3e,FALSE
rhino,/r/,R sound,challenge,s3e,FALSE
rhyme,/r/,R sound,challenge,s3e,FALSE
rhubarb,/r/,R sound,challenge,s3e,FALSE
rhetoric,/r/,R sound,challenge,s3l,FALSE
wrestle,/r/,R sound,challenge,s2l,FALSE
wrath,/r/,R sound,challenge,s3e,FALSE
wreath,/r/,R sound,challenge,s2l,FALSE
wren,/r/,R sound,challenge,s2l,FALSE
wrinkle,/r/,R sound,challenge,s2l,FALSE
haemorrhage,/r/,R sound,challenge,s4,FALSE
orrhea,/r/,R sound,challenge,s4,FALSE
rhapsody,/r/,R sound,challenge,s3l,FALSE
moon,/m/,M sound,starter,s2e,FALSE
map,/m/,M sound,starter,s2e,FALSE
made,/m/,M sound,starter,s2e,FALSE
mail,/m/,M sound,starter,s2e,FALSE
mark,/m/,M sound,starter,s2e,FALSE
mask,/m/,M sound,starter,s2e,FALSE
mess,/m/,M sound,starter,s2e,FALSE
mind,/m/,M sound,starter,s2e,FALSE
mix,/m/,M sound,starter,s2e,FALSE
more,/m/,M sound,starter,s2e,FALSE
morning,/m/,M sound,starter,s2e,FALSE
mouse,/m/,M sound,starter,s2e,FALSE
much,/m/,M sound,starter,s2e,FALSE
hammer,/m/,M sound,levelup,s2e,FALSE
thumb,/m/,M sound,levelup,s2e,FALSE
lamb,/m/,M sound,levelup,s2e,FALSE
climb,/m/,M sound,levelup,s2e,FALSE
mammal,/m/,M sound,levelup,s2l,FALSE
mammoth,/m/,M sound,levelup,s2l,FALSE
comma,/m/,M sound,levelup,s2e,FALSE
comment,/m/,M sound,levelup,s2l,FALSE
common,/m/,M sound,levelup,s2e,FALSE
community,/m/,M sound,levelup,s3e,FALSE
summer,/m/,M sound,levelup,s2e,FALSE
swimming,/m/,M sound,levelup,s2e,FALSE
grammar,/m/,M sound,levelup,s2e,FALSE
programme,/m/,M sound,levelup,s2l,FALSE
immense,/m/,M sound,levelup,s2l,FALSE
immediate,/m/,M sound,levelup,s3e,FALSE
column,/m/,M sound,challenge,s3e,FALSE
autumn,/m/,M sound,challenge,s3e,FALSE
solemn,/m/,M sound,challenge,s3e,FALSE
bomb,/m/,M sound,challenge,s2l,FALSE
dumb,/m/,M sound,challenge,s2e,FALSE
limb,/m/,M sound,challenge,s2e,FALSE
numb,/m/,M sound,challenge,s2e,FALSE
plumber,/m/,M sound,challenge,s2l,FALSE
tomb,/m/,M sound,challenge,s3e,FALSE
womb,/m/,M sound,challenge,s3e,FALSE
condemn,/m/,M sound,challenge,s3e,FALSE
damn,/m/,M sound,challenge,s3e,FALSE
seal,/s/,S sound,starter,s2e,FALSE
kiss,/s/,S sound,starter,s2e,FALSE
snake,/s/,S sound,starter,s2e,FALSE
sun,/s/,S sound,starter,s2e,FALSE
circle,/s/,S sound,starter,s2e,FALSE
same,/s/,S sound,starter,s2e,FALSE
sand,/s/,S sound,starter,s2e,FALSE
save,/s/,S sound,starter,s2e,FALSE
sell,/s/,S sound,starter,s2e,FALSE
side,/s/,S sound,starter,s2e,FALSE
sit,/s/,S sound,starter,s2e,FALSE
six,/s/,S sound,starter,s2e,FALSE
sleep,/s/,S sound,starter,s2e,FALSE
soon,/s/,S sound,starter,s2e,FALSE
juice,/s/,S sound,levelup,s2e,FALSE
pencil,/s/,S sound,levelup,s2e,FALSE
fence,/s/,S sound,levelup,s2e,FALSE
scene,/s/,S sound,levelup,s2l,FALSE
sword,/s/,S sound,levelup,s2l,FALSE
cell,/s/,S sound,levelup,s2e,FALSE
cement,/s/,S sound,levelup,s2l,FALSE
centre,/s/,S sound,levelup,s2l,FALSE
certain,/s/,S sound,levelup,s2l,FALSE
cinema,/s/,S sound,levelup,s2l,FALSE
medicine,/s/,S sound,levelup,s2l,FALSE
miss,/s/,S sound,levelup,s2e,FALSE
lesson,/s/,S sound,levelup,s2e,FALSE
possible,/s/,S sound,levelup,s2l,FALSE
necessary,/s/,S sound,levelup,s2l,FALSE
across,/s/,S sound,levelup,s2e,FALSE
science,/s/,S sound,challenge,s3e,FALSE
psychology,/s/,S sound,challenge,s3l,FALSE
dance,/s/,S sound,challenge,s2e,FALSE
peace,/s/,S sound,challenge,s2e,FALSE
prince,/s/,S sound,challenge,s2e,FALSE
notice,/s/,S sound,challenge,s2l,FALSE
palace,/s/,S sound,challenge,s2l,FALSE
practice,/s/,S sound,challenge,s2l,FALSE
sentence,/s/,S sound,challenge,s2l,FALSE
scent,/s/,S sound,challenge,s2l,FALSE
descend,/s/,S sound,challenge,s3e,FALSE
discipline,/s/,S sound,challenge,s3e,FALSE
fascinate,/s/,S sound,challenge,s3e,FALSE
crescent,/s/,S sound,challenge,s3e,FALSE
muscle,/s/,S sound,challenge,s3e,FALSE
conscience,/s/,S sound,challenge,s3l,FALSE
adolescent,/s/,S sound,challenge,s3l,FALSE
zebra,/z/,Z sound,starter,s2e,FALSE
zip,/z/,Z sound,starter,s2e,FALSE
nose,/z/,Z sound,starter,s2e,FALSE
zero,/z/,Z sound,starter,s2e,FALSE
zone,/z/,Z sound,starter,s2e,FALSE
zoo,/z/,Z sound,starter,s2e,FALSE
zap,/z/,Z sound,starter,s2e,FALSE
zigzag,/z/,Z sound,starter,s2e,FALSE
horizon,/z/,Z sound,starter,s2l,FALSE
frozen,/z/,Z sound,starter,s2e,FALSE
lazy,/z/,Z sound,starter,s2e,FALSE
prize,/z/,Z sound,starter,s2e,FALSE
amaze,/z/,Z sound,starter,s2e,FALSE
breeze,/z/,Z sound,starter,s2e,FALSE
freeze,/z/,Z sound,starter,s2e,FALSE
sneeze,/z/,Z sound,starter,s2e,FALSE
squeeze,/z/,Z sound,starter,s2e,FALSE
gaze,/z/,Z sound,starter,s2e,FALSE
blaze,/z/,Z sound,starter,s2e,FALSE
puzzle,/z/,Z sound,levelup,s2e,FALSE
cheese,/z/,Z sound,levelup,s2e,FALSE
fizz,/z/,Z sound,levelup,s2e,FALSE
buzz,/z/,Z sound,levelup,s2e,FALSE
music,/z/,Z sound,levelup,s2e,FALSE
fuzz,/z/,Z sound,levelup,s2e,FALSE
jazz,/z/,Z sound,levelup,s2e,FALSE
dizzy,/z/,Z sound,levelup,s2e,FALSE
drizzle,/z/,Z sound,levelup,s2e,FALSE
grizzly,/z/,Z sound,levelup,s2l,FALSE
muzzle,/z/,Z sound,levelup,s2e,FALSE
nozzle,/z/,Z sound,levelup,s2e,FALSE
pizza,/z/,Z sound,levelup,s2l,FALSE
sizzle,/z/,Z sound,levelup,s2e,FALSE
is,/z/,Z sound,levelup,s2e,FALSE
was,/z/,Z sound,levelup,s2e,FALSE
has,/z/,Z sound,levelup,s2e,FALSE
his,/z/,Z sound,levelup,s2e,FALSE
dogs,/z/,Z sound,levelup,s2e,FALSE
trees,/z/,Z sound,levelup,s2e,FALSE
scissors,/z/,Z sound,challenge,s2l,FALSE
xylophone,/z/,Z sound,challenge,s3e,FALSE
chose,/z/,Z sound,challenge,s2e,FALSE
close,/z/,Z sound,challenge,s2e,FALSE
please,/z/,Z sound,challenge,s2e,FALSE
praise,/z/,Z sound,challenge,s2e,FALSE
raise,/z/,Z sound,challenge,s2e,FALSE
tease,/z/,Z sound,challenge,s2e,FALSE
whose,/z/,Z sound,challenge,s2e,FALSE
surprise,/z/,Z sound,challenge,s2l,FALSE
purpose,/z/,Z sound,challenge,s2l,FALSE
disease,/z/,Z sound,challenge,s2l,FALSE
browse,/z/,Z sound,challenge,s2l,FALSE
ring,/ng/,NG sound,starter,s2e,FALSE
sing,/ng/,NG sound,starter,s2e,FALSE
finger,/ng/,NG sound,starter,s2e,FALSE
longer,/ng/,NG sound,starter,s2e,FALSE
along,/ng/,NG sound,starter,s2e,FALSE
bang,/ng/,NG sound,starter,s2e,FALSE
hang,/ng/,NG sound,starter,s2e,FALSE
long,/ng/,NG sound,starter,s2e,FALSE
song,/ng/,NG sound,starter,s2e,FALSE
spring,/ng/,NG sound,starter,s2e,FALSE
sting,/ng/,NG sound,starter,s2e,FALSE
swing,/ng/,NG sound,starter,s2e,FALSE
thing,/ng/,NG sound,starter,s2e,FALSE
wink,/ng/,NG sound,levelup,s2e,FALSE
bank,/ng/,NG sound,levelup,s2e,FALSE
rank,/ng/,NG sound,levelup,s2e,FALSE
anchor,/ng/,NG sound,levelup,s2l,FALSE
blank,/ng/,NG sound,levelup,s2e,FALSE
drink,/ng/,NG sound,levelup,s2e,FALSE
dunk,/ng/,NG sound,levelup,s2e,FALSE
junk,/ng/,NG sound,levelup,s2e,FALSE
link,/ng/,NG sound,levelup,s2e,FALSE
plank,/ng/,NG sound,levelup,s2e,FALSE
shrink,/ng/,NG sound,levelup,s2e,FALSE
sink,/ng/,NG sound,levelup,s2e,FALSE
skunk,/ng/,NG sound,levelup,s2e,FALSE
stink,/ng/,NG sound,levelup,s2e,FALSE
tank,/ng/,NG sound,levelup,s2e,FALSE
tongue,/ng/,NG sound,challenge,s2l,FALSE
conquer,/ng/,NG sound,challenge,s3e,FALSE
meringue,/ng/,NG sound,challenge,s3l,FALSE
anxious,/ng/,NG sound,challenge,s3e,FALSE
angle,/ng/,NG sound,challenge,s2e,FALSE
mingle,/ng/,NG sound,challenge,s2l,FALSE
single,/ng/,NG sound,challenge,s2e,FALSE
rectangle,/ng/,NG sound,challenge,s2l,FALSE
triangle,/ng/,NG sound,challenge,s2l,FALSE
harangue,/ng/,NG sound,challenge,s3l,FALSE
distinguish,/ng/,NG sound,challenge,s3e,FALSE
extinguish,/ng/,NG sound,challenge,s3e,FALSE
amongst,/ng/,NG sound,challenge,s2l,FALSE
strength,/ng/,NG sound,challenge,s2l,FALSE
length,/ng/,NG sound,challenge,s2e,FALSE
web,/w/,W sound,starter,s2e,FALSE
wave,/w/,W sound,starter,s2e,FALSE
wheel,/w/,W sound,starter,s2e,FALSE
while,/w/,W sound,starter,s2e,FALSE
water,/w/,W sound,starter,s2e,FALSE
winter,/w/,W sound,starter,s2e,FALSE
word,/w/,W sound,starter,s2e,FALSE
whale,/w/,W sound,levelup,s2e,FALSE
whistle,/w/,W sound,levelup,s2e,FALSE
quick,/w/,W sound,levelup,s2e,FALSE
what,/w/,W sound,levelup,s2e,FALSE
wheat,/w/,W sound,levelup,s2e,FALSE
when,/w/,W sound,levelup,s2e,FALSE
whether,/w/,W sound,levelup,s2e,FALSE
which,/w/,W sound,levelup,s2e,FALSE
whimper,/w/,W sound,levelup,s2e,FALSE
whip,/w/,W sound,levelup,s2e,FALSE
whirl,/w/,W sound,levelup,s2e,FALSE
whisker,/w/,W sound,levelup,s2e,FALSE
whisper,/w/,W sound,levelup,s2e,FALSE
white,/w/,W sound,levelup,s2e,FALSE
whole,/w/,W sound,levelup,s2e,FALSE
whisk,/w/,W sound,levelup,s2e,FALSE
wherever,/w/,W sound,levelup,s2l,FALSE
meanwhile,/w/,W sound,levelup,s2l,FALSE
somewhere,/w/,W sound,levelup,s2l,FALSE
queen,/w/,W sound,challenge,s2e,FALSE
language,/w/,W sound,challenge,s2l,FALSE
quest,/w/,W sound,challenge,s2e,FALSE
quiet,/w/,W sound,challenge,s2e,FALSE
quite,/w/,W sound,challenge,s2e,FALSE
quiz,/w/,W sound,challenge,s2e,FALSE
squid,/w/,W sound,challenge,s2e,FALSE
squirrel,/w/,W sound,challenge,s2l,FALSE
require,/w/,W sound,challenge,s2l,FALSE
persuade,/w/,W sound,challenge,s2l,FALSE
measure,/zh/,ZH sound,starter,s3e,FALSE
closure,/zh/,ZH sound,starter,s3e,FALSE
exposure,/zh/,ZH sound,starter,s3e,FALSE
composure,/zh/,ZH sound,starter,s3l,FALSE
enclosure,/zh/,ZH sound,starter,s3l,FALSE
disclosure,/zh/,ZH sound,starter,s3l,FALSE
usual,/zh/,ZH sound,starter,s2l,FALSE
casual,/zh/,ZH sound,starter,s2l,FALSE
visual,/zh/,ZH sound,starter,s2l,FALSE
unusual,/zh/,ZH sound,starter,s2l,FALSE
azure,/zh/,ZH sound,starter,s3l,FALSE
erosion,/zh/,ZH sound,starter,s3e,FALSE
invasion,/zh/,ZH sound,starter,s3e,FALSE
occasion,/zh/,ZH sound,starter,s3e,FALSE
explosion,/zh/,ZH sound,starter,s3e,FALSE
treasure,/zh/,ZH sound,levelup,s2l,FALSE
pleasure,/zh/,ZH sound,levelup,s2l,FALSE
beige,/zh/,ZH sound,levelup,s3l,FALSE
confusion,/zh/,ZH sound,levelup,s3e,FALSE
conclusion,/zh/,ZH sound,levelup,s3e,FALSE
decision,/zh/,ZH sound,levelup,s3e,FALSE
collision,/zh/,ZH sound,levelup,s3e,FALSE
illusion,/zh/,ZH sound,levelup,s3e,FALSE
inclusion,/zh/,ZH sound,levelup,s3e,FALSE
exclusion,/zh/,ZH sound,levelup,s3e,FALSE
persuasion,/zh/,ZH sound,levelup,s3e,FALSE
provision,/zh/,ZH sound,levelup,s3e,FALSE
revision,/zh/,ZH sound,levelup,s3e,FALSE
corrosion,/zh/,ZH sound,levelup,s3e,FALSE
transfusion,/zh/,ZH sound,levelup,s3l,FALSE
supervision,/zh/,ZH sound,levelup,s3l,FALSE
television,/zh/,ZH sound,challenge,s3e,FALSE
mirage,/zh/,ZH sound,challenge,s3l,FALSE
division,/zh/,ZH sound,challenge,s3e,FALSE
vision,/zh/,ZH sound,challenge,s3e,FALSE
equation,/zh/,ZH sound,challenge,s3l,FALSE
massage,/zh/,ZH sound,challenge,s3l,FALSE
camouflage,/zh/,ZH sound,challenge,s3l,FALSE