type,group,id,display,meaning,examples,stage,L,rationale,syllabus_ref,reviewed,batch
prefix,,ad,ad-,to; toward,"adjoin, advantage",s3e,high,"Explicitly listed in Stage 3 sequence with assimilated forms (ac-, af-, as-, al-, at-, ap-)","NSW DoE Morphemes Suggested Sequence – Derivational Prefixes, Stage 3",,1
prefix,,anti,anti-,against,"anticlimax, antisocial",s2l,high,Explicitly listed in Stage 2 sequence,"NSW DoE Morphemes Suggested Sequence – Derivational Prefixes, Stage 2",,1
prefix,,con,con-,with or together,"conform, connect",s3e,high,"Listed in Stage 3 as com- with assimilated forms (col-, cor-, co-, con-)","NSW DoE Morphemes Suggested Sequence – Derivational Prefixes, Stage 3",,1
prefix,,contra,contra-,against; opposite,"contradict, contraband",s2e,high,Listed in Stage 2 Latin roots as contra/counter (against),"NSW DoE Morphemes Suggested Sequence – Latin & Greek Roots, Stage 2",,1
prefix,,de,de-,undo; remove; down,"declutter, demerit",s2e,high,Explicitly listed in Stage 2 sequence,"NSW DoE Morphemes Suggested Sequence – Derivational Prefixes, Stage 2",,1
prefix,,dis,dis-,not; opposite; apart,"disagree, dissatisfy",s2e,high,Explicitly listed in Stage 2 sequence,"NSW DoE Morphemes Suggested Sequence – Derivational Prefixes, Stage 2",,1
prefix,,en,en-,cause to; make,"enrage, enclose",s3e,high,Explicitly listed in Stage 3 sequence,"NSW DoE Morphemes Suggested Sequence – Derivational Prefixes, Stage 3",,1
prefix,,em,em-,cause to; make,"embed, empower",s3e,high,Listed in Stage 3 as em- (assimilated form of en-),"NSW DoE Morphemes Suggested Sequence – Derivational Prefixes, Stage 3",,1
prefix,,ex,ex-,out of; former,"exhale, export",s3e,high,"Explicitly listed in Stage 3 sequence with assimilated forms (ef-, e-)","NSW DoE Morphemes Suggested Sequence – Derivational Prefixes, Stage 3",,1
prefix,,e,e-,electronic; online,"email, e-commerce",s4,medium,Contemporary abbreviation; not a classical derivational morpheme. Absent from both NSW DoE sequence and Australian Curriculum v9. Does not belong in the morpheme curriculum — consider digital literacy context instead.,Not found in NSW DoE Morphemes Suggested Sequence or Australian Curriculum v9,,1
prefix,,extra,extra-,beyond,"extraordinary, extraterrestrial",s3e,medium,Not listed in NSW DoE sequence or Australian Curriculum v9. Latin origin; thematically suits Stage 3 but has no direct citation. Placement requires teacher judgement or curriculum decision.,Not found in NSW DoE Morphemes Suggested Sequence or Australian Curriculum v9,,1
prefix,,fore,fore-,before,"foreground, forerunner",s3e,high,Explicitly listed in Stage 3 sequence,"NSW DoE Morphemes Suggested Sequence – Derivational Prefixes, Stage 3",,1
prefix,,hyper,hyper-,over; excessive,"hyperactive, hyperbole",s3e,high,Explicitly listed in Stage 3 Greek roots,"NSW DoE Morphemes Suggested Sequence – Latin & Greek Roots, Stage 3",,1
prefix,,in,in-,not; into,"incomplete, inside",s2e,high,"Explicitly listed in Stage 2 sequence with assimilated forms (im-, il-, ir-)","NSW DoE Morphemes Suggested Sequence – Derivational Prefixes, Stage 2",,1
prefix,,inter,inter-,between,"interact, interstate",s3e,high,Explicitly listed in Stage 3 sequence,"NSW DoE Morphemes Suggested Sequence – Derivational Prefixes, Stage 3",,1
prefix,,mal,mal-,bad,"malpractice, malfunction",s3e,high,Explicitly listed in Stage 3 sequence,"NSW DoE Morphemes Suggested Sequence – Derivational Prefixes, Stage 3",,1
prefix,,mega,mega-,large,"megabyte, megaphone",s3e,high,Explicitly listed in Stage 3 Greek roots,"NSW DoE Morphemes Suggested Sequence – Latin & Greek Roots, Stage 3",,1
prefix,,micro,micro-,small,"microscope, microwave",s3e,high,Explicitly listed in Stage 3 Greek roots,"NSW DoE Morphemes Suggested Sequence – Latin & Greek Roots, Stage 3",,1
prefix,,mid,mid-,middle,"midday, midway",s2e,high,Explicitly listed in Stage 1 sequence,"NSW DoE Morphemes Suggested Sequence – Derivational Prefixes, Stage 1",,1
prefix,,mis,mis-,wrong,"mislead, misbehave",s2e,high,Explicitly listed in Stage 1 sequence,"NSW DoE Morphemes Suggested Sequence – Derivational Prefixes, Stage 1",,1
prefix,,multi,multi-,many,"multimedia, multiple",s2l,medium,Not explicitly listed in NSW DoE morpheme sequence or Australian Curriculum v9. High-frequency prefix; logically suits Stage 2–3 range but requires teacher judgement or curriculum decision.,Not found in NSW DoE Morphemes Suggested Sequence or Australian Curriculum v9,,2
prefix,,non,non-,not,"nonliving, nonfiction",s2e,high,Explicitly listed in Stage 1 sequence,"NSW DoE Morphemes Suggested Sequence – Derivational Prefixes, Stage 1",,2
prefix,,over,over-,too much,"overflow, overcame",s2l,high,Explicitly listed in Stage 2 sequence,"NSW DoE Morphemes Suggested Sequence – Derivational Prefixes, Stage 2",,2
prefix,,post,post-,after,"post-war, postgraduate",s3e,high,Explicitly listed in Stage 3 sequence,"NSW DoE Morphemes Suggested Sequence – Derivational Prefixes, Stage 3",,2
prefix,,pre,pre-,before,"preview, precaution",s2e,high,Explicitly listed in Stage 1 sequence,"NSW DoE Morphemes Suggested Sequence – Derivational Prefixes, Stage 1",,2
prefix,,pro,pro-,in favour of; forward,"proclaim, pro-government",s3e,high,Explicitly listed in Stage 3 sequence,"NSW DoE Morphemes Suggested Sequence – Derivational Prefixes, Stage 3",,2
prefix,,re,re-,again,"reread, revisit",s2e,high,Explicitly listed in Stage 1 sequence,"NSW DoE Morphemes Suggested Sequence – Derivational Prefixes, Stage 1",,2
prefix,,semi,semi-,half,"semicircle, semi-final",s2e,high,Explicitly listed in Stage 2 sequence,"NSW DoE Morphemes Suggested Sequence – Derivational Prefixes, Stage 2",,2
prefix,,sub,sub-,under; below,"subheading, submarine",s2e,high,Explicitly listed in Stage 2 sequence,"NSW DoE Morphemes Suggested Sequence – Derivational Prefixes, Stage 2",,2
prefix,,super,super-,above; beyond,"superstar, supercharged",s2l,high,Explicitly listed in Stage 2 sequence,"NSW DoE Morphemes Suggested Sequence – Derivational Prefixes, Stage 2",,2
prefix,,trans,trans-,across,"transform, transport",s2e,high,Explicitly listed in Stage 2 sequence,"NSW DoE Morphemes Suggested Sequence – Derivational Prefixes, Stage 2",,2
prefix,,un,un-,not,"unusual, unforgiving",s2e,high,Explicitly listed in Stage 1 sequence,"NSW DoE Morphemes Suggested Sequence – Derivational Prefixes, Stage 1",,2
prefix,,under,under-,below,"underwhelmed, underestimate",s2l,high,Explicitly listed in Stage 2 sequence,"NSW DoE Morphemes Suggested Sequence – Derivational Prefixes, Stage 2",,2
prefix,,ob,ob-,against; in the way of; towards,"object, obstacle",s3l,medium,"Not listed in NSW DoE sequence or Australian Curriculum v9. Latin origin; functions as an assimilated prefix (ob-, oc-, of-, op-). Thematically suits Stage 3 alongside other Latin assimilated prefixes (ad-, ex-, con-) but has no direct citation. Teacher judgement required.",Not found in NSW DoE Morphemes Suggested Sequence or Australian Curriculum v9,,2
prefix,,a,a-,not; without,"atypical, amoral",s4,medium,"Not listed in NSW DoE sequence or Australian Curriculum v9. Greek origin (from alpha privative). Distinct from the Anglo-Saxon prefix a- meaning ""on/in"". Thematically suits Stage 3–4 alongside Greek roots content but has no direct citation. Teacher judgement required.",Not found in NSW DoE Morphemes Suggested Sequence or Australian Curriculum v9,,2
prefix,,tele,tele-,far; distant,"telescope, television",s2l,high,"Explicitly listed in Stage 2 sequence as tele-, tel-","NSW DoE Morphemes Suggested Sequence – Derivational Prefixes, Stage 2",,2
prefix,,peri,peri-,around,"perimeter, pericardium",s3l,medium,Not listed in NSW DoE sequence or Australian Curriculum v9. Greek origin; appears in Stage 3 Greek roots content area (e.g. perimeter) but peri- as a standalone prefix is not cited. Thematically suits Stage 3. Teacher judgement required.,Not found in NSW DoE Morphemes Suggested Sequence or Australian Curriculum v9,,2
prefix,,gyro,gyro-,circle; spinning,"gyroscope, gyrate",s3l,medium,Not listed in NSW DoE sequence or Australian Curriculum v9. Highly specialised Greek combining form; more suited to science/technology contexts than general morpheme instruction. Recommend reviewing whether this belongs in the morpheme curriculum.,Not found in NSW DoE Morphemes Suggested Sequence or Australian Curriculum v9,,2
prefix,,endo,endo-,within; inside,"endoskeleton, endocrine",s4,medium,Not listed in NSW DoE sequence or Australian Curriculum v9. Greek origin; primarily a science/medical term. Thematically suits Stage 4 (Year 7) science contexts. Teacher judgement required.,Not found in NSW DoE Morphemes Suggested Sequence or Australian Curriculum v9,,2
prefix,,horo,horo-,time; hour,"horology, horoscope",s4,medium,Not listed in NSW DoE sequence or Australian Curriculum v9. Rare Greek combining form; highly specialised vocabulary. Recommend reviewing whether this belongs in the morpheme curriculum at this level.,Not found in NSW DoE Morphemes Suggested Sequence or Australian Curriculum v9,,2
prefix,,stetho,stetho-,chest,stethoscope,s4,medium,Not listed in NSW DoE sequence or Australian Curriculum v9. Highly specialised Greek combining form; almost exclusively medical. Only one common word (stethoscope). Recommend reviewing whether this belongs in the morpheme curriculum.,Not found in NSW DoE Morphemes Suggested Sequence or Australian Curriculum v9,,2
prefix,,kaleido,kaleido-,beautiful form,kaleidoscope,s4,medium,Not listed in NSW DoE sequence or Australian Curriculum v9. Rare Greek combining form; only one common word (kaleidoscope). Recommend reviewing whether this belongs in the morpheme curriculum.,Not found in NSW DoE Morphemes Suggested Sequence or Australian Curriculum v9,,2
prefix,,be,be-,to make; cause to be,"befriend, belittle",s2l,high,Explicitly listed in Stage 2 sequence,"NSW DoE Morphemes Suggested Sequence – Derivational Prefixes, Stage 2",,2
prefix,,hypo,hypo-,under; below; less than normal,"hypothermia, hypothetical",s3e,high,Explicitly listed in Stage 3 Greek roots,"NSW DoE Morphemes Suggested Sequence – Latin & Greek Roots, Stage 3",,2
prefix,,circum,circum-,around,"circumference, circumstance",s2e,high,Listed in Stage 2 Latin roots as circum (around),"NSW DoE Morphemes Suggested Sequence – Latin & Greek Roots, Stage 2",,2
prefix,,uni,uni-,one; single,"unite, universe",s3e,high,Explicitly listed in Stage 3 sequence,"NSW DoE Morphemes Suggested Sequence – Derivational Prefixes, Stage 3",,2
prefix,,arch,arch-,chief; most important,"archbishop, architect",s3l,medium,"Not listed as a standalone prefix in the NSW DoE sequence or Australian Curriculum v9. Appears in general literature as a Greek combining form alongside roots like auto, bio, tele (Stage 2–3 range) but has no direct citation in either document. Teacher judgement required.",Not found in NSW DoE Morphemes Suggested Sequence or Australian Curriculum v9,,2
suffix,,s,-s,plural or present tense,"dogs, runs",s2e,high,Explicitly listed in Early Stage 1 as inflectional suffix for plural and present tense,"NSW DoE Morphemes Suggested Sequence – Inflectional Suffixes, ES1",,3
suffix,,es,-es,plural or present tense,"boxes, pushes",s2e,high,"Explicitly listed in Stage 1 as inflectional suffix; -es plural for words ending in ch, sh, ss, x","NSW DoE Morphemes Suggested Sequence – Inflectional Suffixes, Stage 1",,3
suffix,,ed,-ed,past tense,"walked, hopped",s2e,high,Explicitly listed in Early Stage 1 as inflectional suffix for past tense,"NSW DoE Morphemes Suggested Sequence – Inflectional Suffixes, ES1",,3
suffix,,ing,-ing,happening now,"sleeping, running",s2e,high,Explicitly listed in Early Stage 1 as inflectional suffix for progressive/present participle,"NSW DoE Morphemes Suggested Sequence – Inflectional Suffixes, ES1",,3
suffix,,en,-en,made of; to make,"wooden, darken",s2e,high,Explicitly listed in Stage 2 as derivational suffix; adds to nouns to form adjectives and adjectives to form verbs,"NSW DoE Morphemes Suggested Sequence – Derivational Suffixes, Stage 2",,3
suffix,,er,-er,person who; more,"teacher, taller",s2e,high,Explicitly listed in Stage 1 as derivational suffix (-er person who does the verb) and inflectional suffix (comparative),"NSW DoE Morphemes Suggested Sequence – Derivational & Inflectional Suffixes, Stage 1",,3
suffix,,or,-or,person who,"creator, visitor",s2e,high,"Listed in Stage 1 alongside -er as the Latin variant for person who carries out an action (e.g. create-creator, visit-visitor)","NSW DoE Morphemes Suggested Sequence – Derivational Suffixes, Stage 1",,3
suffix,,est,-est,most,"tallest, happiest",s2e,high,Explicitly listed in Stage 1 as inflectional suffix for superlative,"NSW DoE Morphemes Suggested Sequence – Inflectional Suffixes, Stage 1",,3
suffix,,ly,-ly,in a way,"slowly, happily",s2e,high,Explicitly listed in Stage 1 as derivational suffix (nouns to adjectives; adjectives to adverbs); extended in Stage 2,"NSW DoE Morphemes Suggested Sequence – Derivational Suffixes, Stage 1",,3
suffix,,ion,-ion,act or result of,"expression, decoration",s2l,high,"Explicitly listed in Stage 2 as derivational suffix (-ion process, state or result; verbs to nouns); extended forms (-tion, -sion, -ation, -ition, -ssion) listed in Stage 3","NSW DoE Morphemes Suggested Sequence – Derivational Suffixes, Stage 2",,3
suffix,,able,-able,able to,"enjoyable, believable",s2l,high,Explicitly listed in Stage 2 as derivational suffix (-able/-ible capable of; verbs to adjectives); -able is the more common form attached to complete root words,"NSW DoE Morphemes Suggested Sequence – Derivational Suffixes, Stage 2",,3
suffix,,ible,-ible,able to,"horrible, possible",s2l,high,Explicitly listed in Stage 2 alongside -able; -ible generally attaches to incomplete/bound root words (e.g. horr-horrible),"NSW DoE Morphemes Suggested Sequence – Derivational Suffixes, Stage 2",,3
suffix,,y,-y,characterised by,"hairy, sunny",s2e,high,Explicitly listed in Stage 1 as derivational suffix; nouns/verbs to adjectives,"NSW DoE Morphemes Suggested Sequence – Derivational Suffixes, Stage 1",,3
suffix,,ful,-ful,full of,"helpful, careful",s2e,high,Explicitly listed in Stage 1 as derivational suffix; verbs/nouns to adjectives,"NSW DoE Morphemes Suggested Sequence – Derivational Suffixes, Stage 1",,3
suffix,,less,-less,without,"childless, hopeless",s2e,high,Explicitly listed in Stage 2 as derivational suffix; nouns/verbs to adjectives,"NSW DoE Morphemes Suggested Sequence – Derivational Suffixes, Stage 2",,3
suffix,,ish,-ish,somewhat; like,"childish, reddish",s2e,high,Explicitly listed in Stage 1 as derivational suffix; nouns/adjectives to adjectives,"NSW DoE Morphemes Suggested Sequence – Derivational Suffixes, Stage 1",,3
suffix,,ness,-ness,state of,"kindness, happiness",s2e,high,Explicitly listed in Stage 2 as derivational suffix; adjectives to nouns,"NSW DoE Morphemes Suggested Sequence – Derivational Suffixes, Stage 2",,3
suffix,,ment,-ment,result of action,"embarrassment, measurement",s2e,high,Explicitly listed in Stage 2 as derivational suffix; verbs to nouns,"NSW DoE Morphemes Suggested Sequence – Derivational Suffixes, Stage 2",,3
suffix,,al,-al,related to,"logical, dismissal",s2l,high,Explicitly listed in Stage 2 as derivational suffix; verbs to nouns and nouns to adjectives,"NSW DoE Morphemes Suggested Sequence – Derivational Suffixes, Stage 2",,3
suffix,,ial,-ial,related to,"presidential, racial",s2l,high,"Listed in Stage 2 as variant form of -al (-al, -ial, -ual); nouns to adjectives","NSW DoE Morphemes Suggested Sequence – Derivational Suffixes, Stage 2",,3
suffix,,ty,-ty,state or quality,"certainty, liberty",s3e,high,"Listed in Stage 3 as -ity/-ety/-ty variant; adjectives and bound stems to nouns (e.g. certain-certainty, liber-liberty)","NSW DoE Morphemes Suggested Sequence – Derivational Suffixes, Stage 3",,3
suffix,,ity,-ity,state or quality,"reality, technicality",s3e,high,Explicitly listed in Stage 3 as -ity/-ety/-ty; adjectives to nouns (e.g. real-reality),"NSW DoE Morphemes Suggested Sequence – Derivational Suffixes, Stage 3",,3
suffix,,ous,-ous,full of,"dangerous, famous",s2l,high,Explicitly listed in Stage 2 as derivational suffix; nouns to adjectives,"NSW DoE Morphemes Suggested Sequence – Derivational Suffixes, Stage 2",,3
suffix,,ee,-ee,person who receives,"employee, trainee",s3e,high,Explicitly listed in Stage 3 as derivational suffix; verbs/nouns to nouns denoting recipient of an action,"NSW DoE Morphemes Suggested Sequence – Derivational Suffixes, Stage 3",,3
suffix,,ist,-ist,person who,"finalist, cyclist",s2l,high,Explicitly listed in Stage 2 as derivational suffix; verbs/nouns to nouns or adjectives,"NSW DoE Morphemes Suggested Sequence – Derivational Suffixes, Stage 2",,3
suffix,,ance,-ance,state of,"importance, performance",s3e,high,Explicitly listed in Stage 3 as derivational suffix (-ence/-ance); adjectives/verbs to nouns,"NSW DoE Morphemes Suggested Sequence – Derivational Suffixes, Stage 3",,3
suffix,,ence,-ence,state of,"difference, clearance",s3e,high,Explicitly listed in Stage 3 as derivational suffix (-ence/-ance); adjectives/verbs to nouns,"NSW DoE Morphemes Suggested Sequence – Derivational Suffixes, Stage 3",,3
suffix,,ant,-ant,person or thing that,"consultant, disinfectant",s3e,high,Explicitly listed in Stage 3 as derivational suffix (-ant/-ent); verbs to nouns and adjectives,"NSW DoE Morphemes Suggested Sequence – Derivational Suffixes, Stage 3",,3
suffix,,ent,-ent,person or thing that,"different, dependent",s3e,high,Explicitly listed in Stage 3 as derivational suffix (-ant/-ent); verbs to nouns and adjectives,"NSW DoE Morphemes Suggested Sequence – Derivational Suffixes, Stage 3",,4
suffix,,ate,-ate,to make; to become,"fortunate, hyphenate",s3e,high,"Explicitly listed in Stage 3 as derivational suffix; nouns to adjectives, verbs to nouns, nouns/adjectives to verbs","NSW DoE Morphemes Suggested Sequence – Derivational Suffixes, Stage 3",,4
suffix,,eer,-eer,person who,"volunteer, engineer",s3e,medium,Not listed in NSW DoE sequence or Australian Curriculum v9. Likely French/Latin origin. Functionally similar to -er/-or (Stage 1) and -ist (Stage 2) but has no direct citation. Thematically suits Stage 2–3 range. Teacher judgement required.,Not found in NSW DoE Morphemes Suggested Sequence or Australian Curriculum v9,,4
suffix,,fy,-fy,make,"clarify, simplify",s3l,medium,Not listed as a standalone suffix in NSW DoE sequence or Australian Curriculum v9. Variant of -ify (Latin -ficare). Thematically suits Stage 3. Teacher judgement required — consider consolidating with -ify entry.,Not found in NSW DoE Morphemes Suggested Sequence or Australian Curriculum v9,,4
suffix,,ify,-ify,make,"simplify, classify",s3l,medium,Not listed in NSW DoE sequence or Australian Curriculum v9. Latin origin (-ficare). Thematically suits Stage 3 alongside -ise and -ate. Teacher judgement required.,Not found in NSW DoE Morphemes Suggested Sequence or Australian Curriculum v9,,4
suffix,,ific,-ific,making; doing,"scientific, terrific",s3l,medium,Not listed in NSW DoE sequence or Australian Curriculum v9. Latin origin. Rare as a productive suffix in modern English; mostly appears in fixed vocabulary. Recommend reviewing whether this belongs in the morpheme curriculum.,Not found in NSW DoE Morphemes Suggested Sequence or Australian Curriculum v9,,4
suffix,,hood,-hood,state of,"childhood, adulthood",s2e,high,Explicitly listed in Stage 2 as derivational suffix; nouns/adjectives to nouns naming a condition or group,"NSW DoE Morphemes Suggested Sequence – Derivational Suffixes, Stage 2",,4
suffix,,ian,-ian,person connected to,"musician, paediatrician",s2l,high,Explicitly listed in Stage 2 as derivational suffix (-an/-ian/-ean); nouns to adjectives and nouns,"NSW DoE Morphemes Suggested Sequence – Derivational Suffixes, Stage 2",,4
suffix,,ic,-ic,related to,"poetic, rhythmic",s2l,high,Explicitly listed in Stage 2 as derivational suffix; nouns to adjectives,"NSW DoE Morphemes Suggested Sequence – Derivational Suffixes, Stage 2",,4
suffix,,ive,-ive,having quality of,"massive, reflective",s3e,high,Explicitly listed in Stage 3 as derivational suffix (-ive/-ative/-itive); nouns/verbs to adjectives,"NSW DoE Morphemes Suggested Sequence – Derivational Suffixes, Stage 3",,4
suffix,,ize,-ize,make,"organize, colonize",s3e,high,"Listed in Stage 3 as -ise (Australian English spelling preferred); makes verbs from nouns (e.g. priority-prioritise, hospital-hospitalise). -ize is the US/UK alternate spelling of the same suffix.","NSW DoE Morphemes Suggested Sequence – Derivational Suffixes, Stage 3",,4
suffix,,like,-like,like; similar to,"lifelike, childlike",s2e,medium,Not listed in NSW DoE sequence or Australian Curriculum v9. Anglo-Saxon origin; productive but not cited as a taught morpheme. Thematically suits Stage 1–2 range given its transparency. Teacher judgement required.,Not found in NSW DoE Morphemes Suggested Sequence or Australian Curriculum v9,,4
suffix,,logy,-logy,study of,"biology, psychology",s3e,high,"Listed in Stage 3 Greek roots as -logy (study of); e.g. biology, psychology","NSW DoE Morphemes Suggested Sequence – Latin & Greek Roots, Stage 3",,4
suffix,,ologist,-ologist,person who studies,"biologist, geologist",s3e,high,"Implicitly covered in Stage 3 via -ist (Stage 2) combined with -logy (Stage 3 Greek roots); NSW DoE notes examples geologist, cyclist under -ist instruction","NSW DoE Morphemes Suggested Sequence – Derivational Suffixes, Stage 2 & Latin & Greek Roots, Stage 3",,4
suffix,,ship,-ship,state or skill,"friendship, leadership",s2e,high,"Explicitly listed in Stage 1 as derivational suffix; nouns to nouns of quality, condition or skill","NSW DoE Morphemes Suggested Sequence – Derivational Suffixes, Stage 1",,4
suffix,,ure,-ure,result of,"sculpture, closure",s2l,high,Explicitly listed in Stage 2 as derivational suffix (-ure/-ture the result of the act; verbs to nouns),"NSW DoE Morphemes Suggested Sequence – Derivational Suffixes, Stage 2",,4
suffix,,age,-age,result of; state of,"blockage, marriage",s3e,high,Explicitly listed in Stage 3 as derivational suffix; verbs/adjectives to nouns and names of places,"NSW DoE Morphemes Suggested Sequence – Derivational Suffixes, Stage 3",,4
suffix,,ory,-ory,a place of; characterised by,"observatory, sensory",s3e,high,"Explicitly listed in Stage 3 as derivational suffix; verbs to nouns (place/use), verbs/nouns to adjectives","NSW DoE Morphemes Suggested Sequence – Derivational Suffixes, Stage 3",,4
suffix,,ary,-ary,relating to; place associated with,"documentary, complementary",s3e,high,Explicitly listed in Stage 3 as derivational suffix; verbs/nouns to nouns and adjectives,"NSW DoE Morphemes Suggested Sequence – Derivational Suffixes, Stage 3",,4
suffix,,ise,-ise,to make; to become,"prioritise, hospitalise",s3e,high,Explicitly listed in Stage 3 as derivational suffix; nouns to verbs (Australian English preferred spelling over -ize),"NSW DoE Morphemes Suggested Sequence – Derivational Suffixes, Stage 3",,4
suffix,,ious,-ious,having qualities of,"spacious, infectious",s3e,high,Explicitly listed in Stage 3 as derivational suffix (-ious/-eous); nouns to adjectives,"NSW DoE Morphemes Suggested Sequence – Derivational Suffixes, Stage 3",,4
suffix,,eous,-eous,having qualities of,"courteous, gorgeous",s3e,high,Explicitly listed in Stage 3 as derivational suffix (-ious/-eous); nouns to adjectives. NSW DoE notes -ious is more common than -eous.,"NSW DoE Morphemes Suggested Sequence – Derivational Suffixes, Stage 3",,4
suffix,,ative,-ative,tendency or quality,"creative, talkative",s3e,high,Listed in Stage 3 as variant form of -ive (-ive/-ative/-itive); nouns/verbs to adjectives,"NSW DoE Morphemes Suggested Sequence – Derivational Suffixes, Stage 3",,4
suffix,,tion,-tion,act or process of,"education, motion",s3e,high,Explicitly listed in Stage 3 as variant of -ion (-tion/-sion/-ation/-ition/-ssion); more common than -sion,"NSW DoE Morphemes Suggested Sequence – Derivational Suffixes, Stage 3",,4
suffix,,sion,-sion,act or process of,"decision, discussion",s3e,high,"Explicitly listed in Stage 3 as variant of -ion; often follows words ending in -d, -de, -se, -t","NSW DoE Morphemes Suggested Sequence – Derivational Suffixes, Stage 3",,4
suffix,,ation,-ation,act or process of,"starvation, education",s3e,high,Explicitly listed in Stage 3 as variant of -ion (-tion/-sion/-ation/-ition/-ssion),"NSW DoE Morphemes Suggested Sequence – Derivational Suffixes, Stage 3",,4
suffix,,pathy,-pathy,feeling; suffering,"sympathy, telepathy",s4,medium,Not listed in NSW DoE sequence or Australian Curriculum v9. Greek combining form (pathos). Primarily appears in medical/science vocabulary. Thematically suits Stage 3–4 alongside other Greek roots content. Teacher judgement required.,Not found in NSW DoE Morphemes Suggested Sequence or Australian Curriculum v9,,4
base,core,act,act,do,"action, react, active",s2e,medium,"Derivative 'reaction/active' at Stage 2; -ion taught Stage 2, -ive Stage 3 but re- Stage 1. One-syllable base, default s2e.","Derivative reasoning: re- (Stage 1), -ion (Stage 2)",,5
base,core,appear,appear,come into view,"appearance, disappear, reappear",s2l,medium,Two-syllable base. Derivative 'disappear' at Stage 2; dis- taught Stage 2.,Derivative reasoning: dis- (Stage 2),,5
base,core,apply,apply,put to use,"application, reapply, applicable",s2l,medium,Two-syllable base. Derivative 'reapply' at Stage 1 (re-); 'applicable' at Stage 2 (-able Stage 2).,"Derivative reasoning: re- (Stage 1), -able (Stage 2)",,5
base,core,argue,argue,give reasons,"argument, arguable",s2l,medium,Two-syllable base. Derivative 'arguable' at Stage 2; -able taught Stage 2.,Derivative reasoning: -able (Stage 2),,5
base,core,assist,assist,help,"assistance, assistant",s3e,medium,Two-syllable base. Derivatives 'assistance/assistant' at Stage 3; -ance and -ant taught Stage 3.,"Derivative reasoning: -ance, -ant (Stage 3)",,5
base,core,attract,attract,pull towards,"attraction, attractive, unattractive",s2l,medium,Two-syllable base. Derivative 'attraction' at Stage 2; -ion taught Stage 2.,Derivative reasoning: -ion (Stage 2),,5
base,core,behave,behave,act in a way,"behaviour, misbehave",s2l,medium,Two-syllable base. Derivative 'misbehave' at Stage 1 (mis-); 'behaviour' at Stage 2 (-iour variant of -ion/ure).,"Derivative reasoning: mis- (Stage 1), -iour (Stage 2)",,5
base,core,believe,believe,think something is true,"belief, believable, disbelieve",s2l,medium,Two-syllable base. Derivative 'believable' at Stage 2; -able taught Stage 2. 'Disbelieve' at Stage 2 (dis-).,"Derivative reasoning: dis- (Stage 2), -able (Stage 2)",,5
base,core,build,build,make by putting parts together,"builder, rebuild, building",s2e,medium,"One-syllable base, default s2e. Derivative 'rebuild' at Stage 1 (re-); 'builder' at Stage 1 (-er).","Derivative reasoning: re- (Stage 1), -er (Stage 1)",,5
base,core,care,care,look after; attention,"careful, careless, caretaker",s2e,medium,One-syllable base. Derivative 'careful' at Stage 1 (-ful); 'careless' at Stage 2 (-less). Earliest anchor Stage 1 → s2e by rule 2.,"Derivative reasoning: -ful (Stage 1), -less (Stage 2)",,5
base,core,collect,collect,gather together,"collection, collector, recollect",s2e,medium,Two-syllable base. Derivative 'collection' at Stage 2; -ion taught Stage 2. 're-' at Stage 1 also present.,"Derivative reasoning: -ion (Stage 2), re- (Stage 1)",,5
base,core,communicate,communicate,share information,"communication, communicative",s3e,medium,Four-syllable base. Derivative 'communication' at Stage 3 (-ation); 'communicative' at Stage 3 (-ive). No earlier derivatives.,"Derivative reasoning: -ation, -ive (Stage 3)",,5
base,core,connect,connect,join together,"connection, disconnect, connector",s2e,medium,Two-syllable base. Derivative 'disconnect' at Stage 2 (dis-); 'connection' at Stage 2 (-ion).,"Derivative reasoning: dis- (Stage 2), -ion (Stage 2)",,5
base,core,construct,construct,build,"construction, reconstruct, constructive",s2e,medium,Two-syllable base. Derivative 'reconstruct' at Stage 1 (re-); 'construction' at Stage 2 (-ion). Also struct is Stage 2 Latin root.,"Derivative reasoning: re- (Stage 1), -ion (Stage 2)",,5
base,core,create,create,make,"creation, creative, recreate",s2e,medium,Two-syllable base. Derivative 'recreate' at Stage 1 (re-); 'creation' at Stage 2 (-ion).,"Derivative reasoning: re- (Stage 1), -ion (Stage 2)",,5
base,core,decide,decide,choose after thinking,"decision, indecisive",s2l,medium,"Two-syllable base. Derivative 'decision' at Stage 3 (-sion); however 'decide' is two-syllable concrete, default s2l as no earlier anchor.",Derivative reasoning: -sion (Stage 3); defaulting to s2l per rule 3,,5
base,core,develop,develop,grow or improve,"development, developer, redevelop",s2l,medium,Three-syllable base. Derivative 'development' at Stage 2 (-ment); 'redevelop' at Stage 1 (re-). Two-syllable-plus default s2l confirmed by -ment anchor.,"Derivative reasoning: -ment (Stage 2), re- (Stage 1)",,5
base,core,direct,direct,guide; control,"direction, director, indirect",s2l,medium,Two-syllable base. Derivative 'direction' at Stage 2 (-ion); 'indirect' at Stage 2 (in-).,"Derivative reasoning: -ion (Stage 2), in- (Stage 2)",,5
base,core,educate,educate,teach,"education, educator, uneducated",s3e,medium,Three-syllable base. Derivative 'education' at Stage 3 (-ation); 'educator' at Stage 1 (-or) but base complexity warrants s3e.,Derivative reasoning: -ation (Stage 3),,5
base,core,employ,employ,give work to; use,"employer, employment, unemployed",s2l,medium,Two-syllable base. Derivative 'employment' at Stage 2 (-ment); 'unemployed' at Stage 2 (un-).,"Derivative reasoning: -ment (Stage 2), un- (Stage 1)",,5
base,core,encourage,encourage,support; give confidence,"encouragement, discouraging",s2l,medium,Three-syllable base. Derivative 'encouragement' at Stage 2 (-ment); 'discouraging' at Stage 2 (dis-).,"Derivative reasoning: -ment (Stage 2), dis- (Stage 2)",,5
base,core,enjoy,enjoy,like; take pleasure in,"enjoyment, enjoyable",s2e,medium,Two-syllable base. Derivative 'enjoyment' at Stage 2 (-ment); 'enjoyable' at Stage 2 (-able).,"Derivative reasoning: -ment (Stage 2), -able (Stage 2)",,5
base,core,excite,excite,make interested or happy,"excitement, exciting, unexcited",s2e,medium,Two-syllable base. Derivative 'excitement' at Stage 2 (-ment); 'unexcited' at Stage 1 (un-).,"Derivative reasoning: -ment (Stage 2), un- (Stage 1)",,5
base,core,expect,expect,think will happen,"expectation, unexpected, expectant",s2e,medium,Two-syllable base. Derivative 'unexpected' at Stage 1 (un-); earliest anchor Stage 1 → s2e.,Derivative reasoning: un- (Stage 1),,5
base,core,explore,explore,investigate,"exploration, explorer, unexplored",s2e,medium,Two-syllable base. Derivative 'explorer' at Stage 1 (-er); 'unexplored' at Stage 1 (un-).,"Derivative reasoning: -er (Stage 1), un- (Stage 1)",,5
base,core,express,express,show or say,"expression, expressive, inexpressive",s2e,medium,Two-syllable base. Derivative 'expression' at Stage 2 (-ion); 'inexpressive' at Stage 2 (in-).,"Derivative reasoning: -ion (Stage 2), in- (Stage 2)",,5
base,core,extend,extend,make longer; stretch,"extension, extensive",s2e,medium,Two-syllable base. Derivative 'extension' at Stage 3 (-ion variant) but base is two-syllable concrete; 'extend' itself uses -ed/-ing (Stage ES1). Default s2e per rule 3 adjusted to s2e (one earlier anchor via inflectional suffixes).,Derivative reasoning: -ion (Stage 3); two-syllable default s2e,,5
base,core,form,form,make; shape,"formation, reform, transform",s2e,high,"One-syllable base. Also a Stage 2 Latin root (form = shape; conform, reform). Earliest anchor Stage 2.","NSW DoE Morphemes Suggested Sequence – Latin & Greek Roots, Stage 2",,5
base,core,friend,friend,a person you like and trust,"friendly, friendship, unfriendly",s2e,medium,"One-syllable base, default s2e. Derivative 'friendship' at Stage 1 (-ship); 'friendly' at Stage 1 (-ly); 'unfriendly' at Stage 1 (un-).","Derivative reasoning: -ship (Stage 1), -ly (Stage 1), un- (Stage 1)",,5
base,core,govern,govern,rule; manage,"government, governor",s2e,medium,Two-syllable base. Derivative 'government' at Stage 2 (-ment); 'governor' at Stage 1 (-or).,"Derivative reasoning: -or (Stage 1), -ment (Stage 2)",,5
base,core,grow,grow,increase; get bigger,"growth, grower, regrow",s2e,medium,"One-syllable base, default s2e. Derivative 'grower' at Stage 1 (-er); 'regrow' at Stage 1 (re-).","Derivative reasoning: -er (Stage 1), re- (Stage 1)",,5
base,core,help,help,give support,"helpful, helpless, helper",s2e,medium,"One-syllable base, default s2e. Derivative 'helpful' at Stage 1 (-ful); 'helpless' at Stage 2 (-less).","Derivative reasoning: -ful (Stage 1), -less (Stage 2)",,5
base,core,inform,inform,tell; give information,"information, informative",s2e,medium,Two-syllable base. Derivative 'information' at Stage 3 (-ation) but 'inform' uses -ed/-ing freely and in- (Stage 2). Two-syllable default s2e confirmed.,Derivative reasoning: in- (Stage 2); two-syllable default s2e,,5
base,core,inspire,inspire,encourage; motivate,"inspiration, inspiring",s2l,medium,Two-syllable base. Derivative 'inspiration' at Stage 3 (-ation); no earlier suffix anchor. Default s2l per rule 3.,Derivative reasoning: -ation (Stage 3); defaulting to s2l per rule 3,,5
base,core,introduce,introduce,bring in; present,"introduction, reintroduce",s2l,medium,"Three-syllable base. Derivative 'reintroduce' at Stage 1 (re-); 'introduction' at Stage 3 (-ion variant). Multi-syllable, s2l appropriate.","Derivative reasoning: re- (Stage 1), -ion (Stage 3)",,5
base,core,invest,invest,put money into,"investment, investor, reinvest",s2e,medium,Two-syllable base. Derivative 'reinvest' at Stage 1 (re-); 'investment' at Stage 2 (-ment).,"Derivative reasoning: re- (Stage 1), -ment (Stage 2)",,5
base,core,join,join,connect,"joint, conjoin, rejoice",s2e,medium,"One-syllable base, default s2e. Derivative 'rejoin' at Stage 1 (re-).",Derivative reasoning: re- (Stage 1),,5
base,core,judge,judge,decide; form an opinion,"judgement, misjudge",s2e,medium,"One-syllable base, default s2e. Derivative 'misjudge' at Stage 1 (mis-); 'judgement' at Stage 2 (-ment).","Derivative reasoning: mis- (Stage 1), -ment (Stage 2)",,5
base,core,learn,learn,gain knowledge,"learner, relearn, unlearned",s2e,medium,"One-syllable base, default s2e. Derivative 'learner' at Stage 1 (-er); 'relearn' at Stage 1 (re-).","Derivative reasoning: -er (Stage 1), re- (Stage 1)",,5
base,core,locate,locate,find where something is,"location, relocate, local",s2l,medium,"Two-syllable base. Derivative 'relocate' at Stage 1 (re-); 'location' at Stage 2 (-ion). Two-syllable default s2l, but re- anchor suggests s2e. Defaulting s2e.","Derivative reasoning: re- (Stage 1), -ion (Stage 2)",,5
base,core,manage,manage,control; run,"management, manager, unmanageable",s2e,medium,Two-syllable base. Derivative 'management' at Stage 2 (-ment); 'unmanageable' at Stage 1 (un-).,"Derivative reasoning: un- (Stage 1), -ment (Stage 2)",,5
base,core,measure,measure,find size or amount,"measurement, measurable",s2e,medium,Two-syllable base. Derivative 'measurement' at Stage 2 (-ment); 'measurable' at Stage 2 (-able).,"Derivative reasoning: -ment (Stage 2), -able (Stage 2)",,5
base,core,migrate,migrate,move to another place,"migration, migrant, immigrate",s3e,medium,Three-syllable base. Derivative 'migration' at Stage 3 (-ation); 'migrant' at Stage 3 (-ant). No earlier anchor.,"Derivative reasoning: -ation, -ant (Stage 3)",,5
base,core,motivate,motivate,make someone want to act,"motivation, motivator",s3e,medium,Four-syllable base. Derivative 'motivation' at Stage 3 (-ation); 'motivator' at Stage 1 (-or) but base complexity warrants s3e.,Derivative reasoning: -ation (Stage 3),,5
base,core,move,move,go from one place to another,"movement, remove, movable",s2e,medium,"One-syllable base, default s2e. Derivative 'movement' at Stage 2 (-ment); 'remove' at Stage 1 (re-).","Derivative reasoning: re- (Stage 1), -ment (Stage 2)",,5
base,core,observe,observe,watch carefully,"observation, observer",s3e,medium,Three-syllable base. Observe cited in Stage 3 Latin roots (observe-observatory). Derivative 'observation' at Stage 3 (-ation).,"NSW DoE Morphemes Suggested Sequence – Latin Roots, Stage 3",,5
base,core,operate,operate,work; run,"operation, operator, cooperate",s3e,medium,Four-syllable base. Derivative 'operation' at Stage 3 (-ation); 'cooperate' at Stage 2 (co-) but base itself is complex. s3e appropriate.,"Derivative reasoning: co- (Stage 2), -ation (Stage 3)",,5
base,core,organise,organise,plan and arrange,"organisation, organiser, disorganised",s2l,medium,Three-syllable base. Derivative 'disorganised' at Stage 2 (dis-); 'organiser' at Stage 1 (-er).,"Derivative reasoning: dis- (Stage 2), -er (Stage 1)",,7
base,core,participate,participate,take part,"participation, participant",s3e,medium,Five-syllable base. Derivative 'participation' at Stage 3 (-ation); 'participant' at Stage 3 (-ant). No earlier anchor.,"Derivative reasoning: -ation, -ant (Stage 3)",,7
base,core,perform,perform,do; carry out,"performance, performer, underperform",s2l,medium,Two-syllable base. Derivative 'performer' at Stage 1 (-er); 'performance' at Stage 3 (-ance). Earliest anchor -er Stage 1 → s2l (two-syllable).,"Derivative reasoning: -er (Stage 1), -ance (Stage 3)",,7
base,core,persuade,persuade,convince,"persuasion, persuasive",s3e,medium,Three-syllable base. Derivative 'persuasion' at Stage 3 (-sion); 'persuasive' at Stage 3 (-ive). No earlier anchor.,"Derivative reasoning: -sion, -ive (Stage 3)",,7
base,core,predict,predict,say before it happens,"prediction, predictable, unpredictable",s2e,medium,Two-syllable base. Derivative 'unpredictable' at Stage 1 (un-); 'prediction' at Stage 3 (-ion) but un- gives earliest anchor.,"Derivative reasoning: un- (Stage 1), pre- (Stage 1)",,7
base,core,prepare,prepare,get ready,"preparation, preparatory",s2e,medium,Two-syllable base. Derivative 'prepare' uses pre- (Stage 1) as a prefix itself. Earliest anchor Stage 1 → s2e.,Derivative reasoning: pre- (Stage 1) is part of base; -ation (Stage 3),,7
base,core,prevent,prevent,stop from happening,"prevention, preventable",s2e,medium,Two-syllable base. Derivative 'preventable' at Stage 2 (-able); 'prevention' at Stage 3 (-ion). Earliest anchor -able Stage 2 → s2e.,Derivative reasoning: -able (Stage 2),,7
base,core,produce,produce,make,"production, producer, reproduce",s2e,medium,Two-syllable base. Derivative 'reproduce' at Stage 1 (re-); 'producer' at Stage 1 (-er).,"Derivative reasoning: re- (Stage 1), -er (Stage 1)",,7
base,core,protect,protect,keep safe,"protection, protective, protector",s2e,medium,Two-syllable base. Derivative 'protector' at Stage 1 (-or); 'protection' at Stage 2 (-ion).,"Derivative reasoning: -or (Stage 1), -ion (Stage 2)",,7
base,core,react,react,respond,"reaction, reactive, overreact",s2e,medium,Two-syllable base. Derivative 'overreact' at Stage 2 (over-); 'reaction' at Stage 2 (-ion).,"Derivative reasoning: over- (Stage 2), -ion (Stage 2)",,7
base,core,reduce,reduce,make smaller,"reduction, reducible",s2l,medium,Two-syllable base. Derivative 'reducible' at Stage 2 (-ible); re- (Stage 1) is part of base. Defaulting s2l per rule 3 adjusted.,"Derivative reasoning: re- (Stage 1), -ible (Stage 2)",,7
base,core,reflect,reflect,think back; show,"reflection, reflective",s2e,medium,Two-syllable base. Derivative 're-' is part of base; 'reflection' at Stage 2 (-ion). Default s2e.,Derivative reasoning: -ion (Stage 2),,7
base,core,reject,reject,refuse,"rejection, rejected",s2e,medium,Two-syllable base. Derivative 'rejection' at Stage 2 (-ion). re- Stage 1 is part of base.,Derivative reasoning: -ion (Stage 2),,7
base,core,relate,relate,connect; link,"relation, relative, unrelated",s2e,medium,Two-syllable base. Derivative 'unrelated' at Stage 1 (un-); 'relation' at Stage 2 (-ion).,"Derivative reasoning: un- (Stage 1), -ion (Stage 2)",,7
base,core,remove,remove,take away,"removal, removable",s2e,medium,Two-syllable base. re- (Stage 1) is part of base. Derivative 'removable' at Stage 2 (-able). Default s2e.,"Derivative reasoning: re- (Stage 1), -able (Stage 2)",,7
base,core,repair,repair,fix,"repairable, disrepair",s2e,medium,Two-syllable base. re- (Stage 1) is part of base. Derivative 'disrepair' at Stage 2 (dis-). Default s2e.,"Derivative reasoning: re- (Stage 1), dis- (Stage 2)",,7
base,core,replace,replace,put in place of,"replacement, irreplaceable",s2e,medium,Two-syllable base. re- (Stage 1) is part of base. Derivative 'replacement' at Stage 2 (-ment).,"Derivative reasoning: re- (Stage 1), -ment (Stage 2)",,7
base,core,report,report,tell; write information,"reporter, reportable",s2e,medium,Two-syllable base. Derivative 'reporter' at Stage 1 (-er); re- (Stage 1) is part of base.,"Derivative reasoning: re- (Stage 1), -er (Stage 1)",,7
base,core,respect,respect,treat well; value,"respectful, disrespect, respectable",s2e,medium,Two-syllable base. Derivative 'disrespect' at Stage 2 (dis-); 'respectful' at Stage 1 (-ful).,"Derivative reasoning: -ful (Stage 1), dis- (Stage 2)",,7
base,core,respond,respond,answer,"response, responsive",s2e,medium,Two-syllable base. Derivative 'responsive' at Stage 3 (-ive) but re- (Stage 1) is part of base. Default s2e.,Derivative reasoning: re- (Stage 1); -ive (Stage 3),,7
base,core,return,return,go back; give back,"returnable, non-return",s2e,medium,Two-syllable base. re- (Stage 1) is part of base. Derivative 'returnable' at Stage 2 (-able). Default s2e.,"Derivative reasoning: re- (Stage 1), -able (Stage 2)",,7
base,core,reveal,reveal,show; make known,revelation,s2l,medium,Two-syllable base. Derivative 'revelation' at Stage 3 (-ation). No earlier suffix anchor. Default s2l per rule 3.,Derivative reasoning: -ation (Stage 3); defaulting to s2l per rule 3,,7
base,core,review,review,look again,"reviewer, reviewable",s2e,medium,Two-syllable base. re- (Stage 1) is part of base. Derivative 'reviewer' at Stage 1 (-er). Default s2e.,"Derivative reasoning: re- (Stage 1), -er (Stage 1)",,7
base,core,revise,revise,improve; study again,"revision, revisable",s2e,medium,Two-syllable base. re- (Stage 1) is part of base. Derivative 'revisable' at Stage 2 (-able). Default s2e.,"Derivative reasoning: re- (Stage 1), -able (Stage 2)",,7
base,core,rotate,rotate,turn around,"rotation, rotary",s3e,medium,Three-syllable base. Derivative 'rotation' at Stage 3 (-ation); no earlier anchor.,Derivative reasoning: -ation (Stage 3),,7
base,core,solve,solve,find an answer,"solution, dissolve, unsolvable",s2e,medium,"One-syllable base, default s2e. Derivative 'dissolve' at Stage 2 (dis-); 'unsolvable' at Stage 1 (un-).","Derivative reasoning: un- (Stage 1), dis- (Stage 2)",,7
base,core,structure,structure,arrange parts,"structural, restructure, unstructured",s2l,medium,Three-syllable base. Derivative 'restructure' at Stage 1 (re-); 'unstructured' at Stage 1 (un-). Multi-syllable → s2l.,"Derivative reasoning: re- (Stage 1), un- (Stage 1)",,7
base,core,suggest,suggest,offer an idea,"suggestion, suggestive",s2l,medium,Two-syllable base. Derivative 'suggestion' at Stage 3 (-ion variant); no earlier anchor. Default s2l per rule 3.,Derivative reasoning: -ion (Stage 3); defaulting to s2l per rule 3,,7
base,core,support,support,help; hold up,"supporter, supportive, unsupportive",s2e,medium,Two-syllable base. Derivative 'supporter' at Stage 1 (-er); 'unsupportive' at Stage 1 (un-).,"Derivative reasoning: -er (Stage 1), un- (Stage 1)",,7
base,core,transport,transport,carry from place to place,"transportation, transporter",s2e,medium,Two-syllable base. Derivative 'transporter' at Stage 1 (-er); trans- (Stage 2) is part of base; port is Stage 2 Latin root.,Derivative reasoning: -er (Stage 1); trans- (Stage 2); port- Latin root Stage 2,,7
base,core,trust,trust,believe someone will do the right thing,"trustworthy, distrust, entrust",s2e,medium,"One-syllable base, default s2e. Derivative 'distrust' at Stage 2 (dis-); 'entrust' at Stage 3 (en-).","Derivative reasoning: dis- (Stage 2), en- (Stage 3)",,7
base,core,use,use,do something with,"useful, useless, reuse",s2e,medium,"One-syllable base, default s2e. Derivative 'useful' at Stage 1 (-ful); 'useless' at Stage 2 (-less).","Derivative reasoning: -ful (Stage 1), -less (Stage 2)",,7
base,core,value,value,how much something is worth,"valuable, valueless, overvalue",s2e,medium,Two-syllable base. Derivative 'valueless' at Stage 2 (-less); 'overvalue' at Stage 2 (over-).,"Derivative reasoning: -less (Stage 2), over- (Stage 2)",,7
base,core,visit,visit,go to see,"visitor, visitation, revisit",s2e,medium,Two-syllable base. Derivative 'visitor' at Stage 1 (-or); 'revisit' at Stage 1 (re-).,"Derivative reasoning: -or (Stage 1), re- (Stage 1)",,7
base,core,watch,watch,look at for a time,"watchful, watchfulness",s2e,medium,"One-syllable base, default s2e. Derivative 'watchful' at Stage 1 (-ful).",Derivative reasoning: -ful (Stage 1),,7
base,core,write,write,put words on a page,"writer, rewrite, handwriting",s2e,medium,"One-syllable base, default s2e. Derivative 'writer' at Stage 1 (-er); 'rewrite' at Stage 1 (re-).","Derivative reasoning: -er (Stage 1), re- (Stage 1)",,7
base,core,legal,legal,allowed by law,"illegal, legality, legalise",s2l,medium,Two-syllable base. Derivative 'illegal' at Stage 2 (in-/il-); 'legalise' at Stage 3 (-ise).,"Derivative reasoning: in-/il- (Stage 2), -ise (Stage 3)",,7
base,core,logical,logical,making sense,"illogical, logically",s2l,medium,Three-syllable base. Derivative 'illogical' at Stage 2 (in-/il-); 'logically' at Stage 2 (-ally).,Derivative reasoning: in-/il- (Stage 2),,7
base,core,literate,literate,able to read and write,"illiterate, literacy",s2l,medium,Three-syllable base. Derivative 'illiterate' at Stage 2 (in-/il-). Default s2l for multi-syllable.,Derivative reasoning: in-/il- (Stage 2),,7
base,core,regular,regular,usual; even pattern,"irregular, regularly",s2l,medium,Three-syllable base. Derivative 'irregular' at Stage 2 (in-/ir-). Default s2l.,Derivative reasoning: in-/ir- (Stage 2),,7
base,core,rational,rational,reasonable; based on logic,"irrational, rationalise",s2l,medium,Three-syllable base. Derivative 'irrational' at Stage 2 (in-/ir-). Default s2l.,Derivative reasoning: in-/ir- (Stage 2),,7
base,core,responsible,responsible,can be trusted to do the right thing,"irresponsible, responsibility",s3e,medium,Five-syllable base. Derivative 'irresponsible' at Stage 2 (in-/ir-) but base itself is very complex. s3e appropriate given syllable count and abstract meaning.,Derivative reasoning: in-/ir- (Stage 2); complexity warrants s3e,,7
base,core,typical,typical,usual; common,"atypical, typically",s2l,medium,Three-syllable base. Derivative 'atypical' at Stage 3 (a-/Greek); 'typically' at Stage 2 (-ally). Default s2l.,Derivative reasoning: -ally (Stage 2),,7
base,core,hero,hero,a very brave person,"heroic, heroism, heroically",s2l,medium,Two-syllable base. Derivative 'heroism' at Stage 2 (-ism); 'heroic' at Stage 2 (-ic). NSW DoE cites hero-heroism as Stage 2 example.,"NSW DoE Morphemes Suggested Sequence – Derivational Suffixes, Stage 2 (hero-heroism)",,7
base,core,market,market,place to buy and sell,"marketing, supermarket, marketplace",s2e,medium,Two-syllable base. Derivative 'marketing' at ES1 (-ing); 'supermarket' at Stage 2 (super-).,"Derivative reasoning: -ing (ES1), super- (Stage 2)",,7
base,core,power,power,strength; control; energy,"powerful, powerless, overpower",s2e,medium,Two-syllable base. Derivative 'powerful' at Stage 1 (-ful); 'powerless' at Stage 2 (-less).,"Derivative reasoning: -ful (Stage 1), -less (Stage 2)",,7
base,core,fast,fast,quick,"faster, fastest, fasten",s2e,medium,"One-syllable base, default s2e. Derivative 'faster/fastest' at Stage 1 (-er/-est).","Derivative reasoning: -er, -est (Stage 1)",,7
base,anglo,anglo_0,teach,to show someone how to do something,"teacher, teaching, reteach",s2e,medium,"One-syllable base, default s2e. Derivative 'teacher' at Stage 1 (-er). NSW DoE cites teach-teacher as Stage 1 example.","NSW DoE Morphemes Suggested Sequence – Derivational Suffixes, Stage 1 (teach-teacher)",,7
base,anglo,anglo_1,meet,to come together; to see someone,"meeting, greet",s2e,medium,"One-syllable base, default s2e. Derivative 'meeting' at ES1 (-ing).",Derivative reasoning: -ing (ES1),,7
base,anglo,anglo_2,rest,to relax; to stop work for a while,"restful, restless, arrest",s2e,medium,"One-syllable base, default s2e. Derivative 'restful' at Stage 1 (-ful); 'restless' at Stage 2 (-less).","Derivative reasoning: -ful (Stage 1), -less (Stage 2)",,7
base,anglo,anglo_3,go,to move from one place to another,"going, outgoing, forgo",s2e,medium,"One-syllable base, default s2e. Derivative 'outgoing' at Stage 2 (out-); 'going' at ES1 (-ing).","Derivative reasoning: -ing (ES1), out- (Stage 2)",,7
base,anglo,anglo_4,tall,having great height,"taller, tallest",s2e,medium,"One-syllable base, default s2e. NSW DoE cites tall-taller-tallest as Stage 1 inflectional examples.","NSW DoE Morphemes Suggested Sequence – Inflectional Suffixes, Stage 1 (tall-taller-tallest)",,7
base,anglo,anglo_5,help,to assist; to make easier,"helpful, helpless, helper",s2e,medium,"One-syllable base, default s2e. Derivative 'helpful' at Stage 1 (-ful). NSW DoE cites help-helpful.","NSW DoE Morphemes Suggested Sequence – Derivational Suffixes, Stage 1 (help-helpful)",,7
base,anglo,anglo_6,ask,to question; to request,"asking, asked",s2e,medium,"One-syllable base, default s2e. Derivative 'asking/asked' at ES1 (-ing/-ed).","Derivative reasoning: -ing, -ed (ES1)",,7
base,anglo,anglo_7,eat,to consume food,"eating, eaten, eater",s2e,medium,"One-syllable base, default s2e. Derivative 'eaten' at Stage 1 (-en). NSW DoE cites eat-eaten.","NSW DoE Morphemes Suggested Sequence – Inflectional Suffixes, Stage 1 (eat-eaten)",,7
base,anglo,anglo_8,train,to practise to improve; to teach,"trainer, training, retrain",s2e,medium,"One-syllable base, default s2e. Derivative 'trainer' at Stage 1 (-er); 'retrain' at Stage 1 (re-).","Derivative reasoning: -er (Stage 1), re- (Stage 1)",,7
base,anglo,anglo_9,usual,common; normal,"usually, unusual, unusually",s2e,medium,Two-syllable base. Derivative 'unusual' at Stage 1 (un-). NSW DoE cites unusual as Stage 1 un- example.,"NSW DoE Morphemes Suggested Sequence – Derivational Prefixes, Stage 1 (un-: unusual)",,7
base,anglo,anglo_10,end,to finish; the final part,"ending, endless, endlessly",s2e,medium,"One-syllable base, default s2e. Derivative 'endless' at Stage 2 (-less); 'ending' at ES1 (-ing).","Derivative reasoning: -ing (ES1), -less (Stage 2)",,7
base,anglo,anglo_11,turn,to change direction; to rotate,"turning, return, overturn",s2e,medium,"One-syllable base, default s2e. Derivative 'return' at Stage 1 (re-); 'overturn' at Stage 2 (over-).","Derivative reasoning: re- (Stage 1), over- (Stage 2)",,7
base,anglo,anglo_12,open,not closed; to make not closed,"openly, openness, reopen",s2e,medium,Two-syllable base. Derivative 'reopen' at Stage 1 (re-); 'openness' at Stage 2 (-ness).,"Derivative reasoning: re- (Stage 1), -ness (Stage 2)",,7
base,anglo,anglo_13,make,to create; to build,"maker, remake, handmade",s2e,medium,"One-syllable base, default s2e. Derivative 'maker' at Stage 1 (-er); 'remake' at Stage 1 (re-).","Derivative reasoning: -er (Stage 1), re- (Stage 1)",,7
base,anglo,anglo_14,jump,to push off the ground into the air,"jumping, jumped, jumper",s2e,medium,"One-syllable base, default s2e. Derivative 'jumper' at Stage 1 (-er); 'jumping/jumped' at ES1 (-ing/-ed).","Derivative reasoning: -ing, -ed (ES1), -er (Stage 1)",,7
base,anglo,anglo_15,bad,not good; poor quality,"badly, badness",s2e,medium,"One-syllable base, default s2e. Derivative 'badly' at Stage 1 (-ly); 'badness' at Stage 2 (-ness).","Derivative reasoning: -ly (Stage 1), -ness (Stage 2)",,7
base,anglo,anglo_16,lock,to fasten with a key; a fastening device,"locker, unlock, locking",s2e,medium,"One-syllable base, default s2e. Derivative 'unlock' at Stage 1 (un-); 'locker' at Stage 1 (-er).","Derivative reasoning: un- (Stage 1), -er (Stage 1)",,7
base,anglo,anglo_17,move,to change position; to go,"movement, remove, movable",s2e,medium,"One-syllable base, default s2e. Derivative 'remove' at Stage 1 (re-); 'movement' at Stage 2 (-ment).","Derivative reasoning: re- (Stage 1), -ment (Stage 2)",,7
base,anglo,anglo_18,like,to enjoy; to prefer,"likeable, unlikely, dislike",s2e,medium,"One-syllable base, default s2e. Derivative 'unlikely' at Stage 1 (un-); 'dislike' at Stage 2 (dis-).","Derivative reasoning: un- (Stage 1), dis- (Stage 2)",,7
base,anglo,anglo_19,care,to look after; to feel concern,"careful, careless, caretaker",s2e,medium,"One-syllable base, default s2e. Derivative 'careful' at Stage 1 (-ful); 'careless' at Stage 2 (-less).","Derivative reasoning: -ful (Stage 1), -less (Stage 2)",,7
base,anglo,anglo_20,happy,feeling joy; pleased,"happiness, happily, unhappy",s2e,medium,Two-syllable base. Derivative 'unhappy' at Stage 1 (un-); 'happiness' at Stage 2 (-ness). NSW DoE cites happy-happiness and happy-happily across Stage 1–2.,"NSW DoE Morphemes Suggested Sequence – Derivational Suffixes, Stage 1 & 2",,7
base,anglo,anglo_21,push,to press forward with force,"pushing, pushed, pushy",s2e,medium,"One-syllable base, default s2e. Derivative 'pushing/pushed' at ES1; 'push-pushes' at Stage 1. NSW DoE cites push-pushes.","NSW DoE Morphemes Suggested Sequence – Inflectional Suffixes, Stage 1 (push-pushes)",,7
base,anglo,anglo_22,zip,to fasten with a zip; to move quickly,"zipping, zipped, unzip",s2e,medium,"One-syllable base, default s2e. Derivative 'unzip' at Stage 1 (un-); 'zipping/zipped' at ES1.","Derivative reasoning: -ing, -ed (ES1), un- (Stage 1)",,7
base,anglo,anglo_23,take,to get; to carry; to accept,"taking, overtake, undertake",s2e,medium,"One-syllable base, default s2e. Derivative 'overtake' at Stage 2 (over-); 'undertake' at Stage 2 (under-).","Derivative reasoning: over- (Stage 2), under- (Stage 2)",,7
base,anglo,anglo_24,see,to look at; to notice,"seeing, foresee, oversee",s2e,medium,"One-syllable base, default s2e. Derivative 'oversee' at Stage 2 (over-); 'foresee' at Stage 3 (fore-).",Derivative reasoning: over- (Stage 2),,7
base,anglo,anglo_25,brisk,quick and energetic,"briskly, briskness",s2e,medium,"One-syllable base, default s2e. Derivative 'briskly' at Stage 1 (-ly); 'briskness' at Stage 2 (-ness).","Derivative reasoning: -ly (Stage 1), -ness (Stage 2)",,7
base,anglo,anglo_26,wake,to stop sleeping,"waking, awake, rewake",s2e,medium,"One-syllable base, default s2e. Derivative 'rewake' at Stage 1 (re-); 'waking' at ES1 (-ing).","Derivative reasoning: -ing (ES1), re- (Stage 1)",,7
base,anglo,anglo_27,send,to cause to go to a place; to post,"sender, sending",s2e,medium,"One-syllable base, default s2e. Derivative 'sender' at Stage 1 (-er); 'sending' at ES1 (-ing).","Derivative reasoning: -ing (ES1), -er (Stage 1)",,7
base,anglo,anglo_28,round,shaped like a circle,"rounded, roundness, surround",s2e,medium,"One-syllable base, default s2e. Derivative 'rounded' at ES1 (-ed); 'roundness' at Stage 2 (-ness).","Derivative reasoning: -ed (ES1), -ness (Stage 2)",,7
base,anglo,anglo_29,cloud,a mass of water droplets in the sky,"cloudy, cloudless, cloudiness",s2e,medium,"One-syllable base, default s2e. Derivative 'cloudy' at Stage 1 (-y); 'cloudless' at Stage 2 (-less).","Derivative reasoning: -y (Stage 1), -less (Stage 2)",,7
base,anglo,anglo_30,pay,to give money for something,"payment, repay, payable",s2e,medium,"One-syllable base, default s2e. Derivative 'repay' at Stage 1 (re-); 'payment' at Stage 2 (-ment).","Derivative reasoning: re- (Stage 1), -ment (Stage 2)",,7
base,anglo,anglo_31,lift,to raise; to pick up,"lifting, uplifting, shoplifter",s2e,medium,"One-syllable base, default s2e. Derivative 'lifting' at ES1 (-ing); 'uplifting' at Stage 2 (up- variant of out-/over-).",Derivative reasoning: -ing (ES1),,7
base,anglo,anglo_32,pack,to put things together for carrying; a bundle,"packing, unpack, backpack",s2e,medium,"One-syllable base, default s2e. Derivative 'unpack' at Stage 1 (un-); 'packing' at ES1 (-ing).","Derivative reasoning: -ing (ES1), un- (Stage 1)",,7
base,anglo,anglo_33,sound,something you hear; noise,"soundless, resound, soundly",s2e,medium,"One-syllable base, default s2e. Derivative 'soundly' at Stage 1 (-ly); 'soundless' at Stage 2 (-less).","Derivative reasoning: -ly (Stage 1), -less (Stage 2)",,7
base,anglo,anglo_34,correct,right; accurate,"correctly, incorrect, correction",s2e,medium,Two-syllable base. Derivative 'incorrect' at Stage 2 (in-); 'correctly' at Stage 1 (-ly).,"Derivative reasoning: -ly (Stage 1), in- (Stage 2)",,7
base,anglo,anglo_35,part,a piece of something; a section,"partly, partial, impartial",s2e,medium,"One-syllable base, default s2e. Derivative 'partly' at Stage 1 (-ly); 'partial' at Stage 2 (-al).","Derivative reasoning: -ly (Stage 1), -al (Stage 2)",,7
base,anglo,anglo_36,live,to be alive; to reside,"lively, livelihood, relive",s2e,medium,"One-syllable base, default s2e. Derivative 'lively' at Stage 1 (-ly); 'relive' at Stage 1 (re-).","Derivative reasoning: -ly (Stage 1), re- (Stage 1)",,7
base,anglo,anglo_37,sad,unhappy; feeling sorrow,"sadly, sadness, saddened",s2e,medium,"One-syllable base, default s2e. Derivative 'sadly' at Stage 2 (-ly). NSW DoE cites sad-sadly as Stage 2 example.","NSW DoE Morphemes Suggested Sequence – Derivational Suffixes, Stage 2 (sad-sadly)",,7
base,anglo,anglo_38,trust,to believe someone is reliable; belief,"trustworthy, distrust, entrust",s2e,medium,"One-syllable base, default s2e. Derivative 'distrust' at Stage 2 (dis-); 'entrust' at Stage 3 (en-).",Derivative reasoning: dis- (Stage 2),,7
base,anglo,anglo_39,merge,to join together into one,"merger, submerge, emerge",s2e,medium,"One-syllable base, default s2e. Derivative 'merger' at Stage 1 (-er); 'submerge' at Stage 2 (sub-).","Derivative reasoning: -er (Stage 1), sub- (Stage 2)",,7
base,anglo,anglo_40,run,to move quickly on foot,"runner, running, outrun",s2e,medium,"One-syllable base, default s2e. Derivative 'runner' at Stage 1 (-er); 'outrun' at Stage 2 (out-).","Derivative reasoning: -er (Stage 1), out- (Stage 2)",,7
base,anglo,anglo_41,plan,to organise what you will do,"planner, planning, unplanned",s2e,medium,"One-syllable base, default s2e. Derivative 'planner' at Stage 1 (-er); 'unplanned' at Stage 1 (un-).","Derivative reasoning: -er (Stage 1), un- (Stage 1)",,7
base,anglo,anglo_42,hop,to jump on one foot,"hopping, hopped, hopper",s2e,medium,"One-syllable base, default s2e. NSW DoE cites hop-hopped and hop-hopping as Stage 1 inflectional examples.","NSW DoE Morphemes Suggested Sequence – Inflectional Suffixes, Stage 1 (hop-hopped, hop-hopping)",,7
base,anglo,anglo_43,play,to take part in a game; to have fun,"player, playful, replay",s2e,medium,"One-syllable base, default s2e. Derivative 'playful' at Stage 1 (-ful); 'replay' at Stage 1 (re-). NSW DoE cites play-player and play-playful.","NSW DoE Morphemes Suggested Sequence – Derivational Suffixes, Stage 1 (play-player, play-playful)",,7
base,anglo,anglo_44,work,to do a job; effort,"worker, overwork, hardworking",s2e,medium,"One-syllable base, default s2e. Derivative 'worker' at Stage 1 (-er); 'overwork' at Stage 2 (over-).","Derivative reasoning: -er (Stage 1), over- (Stage 2)",,7
base,anglo,anglo_45,read,to look at and understand words,"reader, reread, readable",s2e,medium,"One-syllable base, default s2e. Derivative 'reread' at Stage 1 (re-). NSW DoE cites re-read as Stage 1 re- example.","NSW DoE Morphemes Suggested Sequence – Derivational Prefixes, Stage 1 (re-: reread)",,7
base,anglo,anglo_46,think,to use your mind,"thinker, rethink, unthinkable",s2e,medium,"One-syllable base, default s2e. Derivative 'rethink' at Stage 1 (re-); 'thinker' at Stage 1 (-er).","Derivative reasoning: re- (Stage 1), -er (Stage 1)",,7
base,anglo,anglo_47,kind,friendly and caring,"kindness, kindly, unkind",s2e,medium,"One-syllable base, default s2e. Derivative 'unkind' at Stage 1 (un-); 'kindness' at Stage 2 (-ness). NSW DoE cites kind-kindness.","NSW DoE Morphemes Suggested Sequence – Derivational Suffixes, Stage 2 (kind-kindness)",,7
base,anglo,anglo_48,hope,to wish for something good,"hopeful, hopeless, hopefully",s2e,medium,"One-syllable base, default s2e. Derivative 'hopeful' at Stage 1 (-ful); 'hopeless' at Stage 2 (-less). NSW DoE cites hope-hopeful and hope-hopeless.","NSW DoE Morphemes Suggested Sequence – Derivational Suffixes, Stage 1 & 2 (hope-hopeful, hope-hopeless)",,7
base,anglo,anglo_49,fear,to be afraid of,"fearful, fearless, fearfully",s2e,medium,"One-syllable base, default s2e. Derivative 'fearful' at Stage 1 (-ful); 'fearless' at Stage 2 (-less).","Derivative reasoning: -ful (Stage 1), -less (Stage 2)",,7
base,anglo,anglo_50,thank,to show you are grateful,"thankful, thankless, thankfully",s2e,medium,"One-syllable base, default s2e. Derivative 'thankful' at Stage 1 (-ful); 'thankless' at Stage 2 (-less).","Derivative reasoning: -ful (Stage 1), -less (Stage 2)",,7
base,anglo,anglo_51,harm,to hurt or damage,"harmful, harmless, unharmed",s2e,medium,"One-syllable base, default s2e. Derivative 'harmful' at Stage 1 (-ful); 'harmless' at Stage 2 (-less).","Derivative reasoning: -ful (Stage 1), -less (Stage 2)",,7
base,anglo,anglo_52,taste,the flavour of something,"tasteful, tasteless, distasteful",s2e,medium,"One-syllable base, default s2e. Derivative 'tasteful' at Stage 1 (-ful); 'tasteless' at Stage 2 (-less).","Derivative reasoning: -ful (Stage 1), -less (Stage 2)",,7
base,anglo,anglo_53,doubt,to be unsure about,"doubtful, undoubted, doubtless",s2e,medium,"One-syllable base, default s2e. Derivative 'doubtful' at Stage 1 (-ful); 'undoubted' at Stage 1 (un-).","Derivative reasoning: -ful (Stage 1), un- (Stage 1)",,7
base,anglo,anglo_54,count,to find the total; to matter,"countless, recount, discount",s2e,medium,"One-syllable base, default s2e. Derivative 'countless' at Stage 2 (-less); 'recount' at Stage 1 (re-).","Derivative reasoning: re- (Stage 1), -less (Stage 2)",,7
base,anglo,anglo_55,start,to begin,"starter, restart, headstart",s2e,medium,"One-syllable base, default s2e. Derivative 'starter' at Stage 1 (-er); 'restart' at Stage 1 (re-).","Derivative reasoning: -er (Stage 1), re- (Stage 1)",,7
base,anglo,anglo_56,stop,to no longer move or happen,"stopping, stopped, non-stop",s2e,medium,"One-syllable base, default s2e. Derivative 'stopping/stopped' at ES1 (-ing/-ed); 'non-stop' at Stage 1 (non-).","Derivative reasoning: -ing, -ed (ES1), non- (Stage 1)",,7
base,anglo,anglo_57,hold,to keep in your hands; to contain,"holder, withhold, uphold",s2e,medium,"One-syllable base, default s2e. Derivative 'holder' at Stage 1 (-er).",Derivative reasoning: -er (Stage 1),,7
base,anglo,anglo_58,fill,to make full,"filling, refill, overfill",s2e,medium,"One-syllable base, default s2e. Derivative 'refill' at Stage 1 (re-); 'overfill' at Stage 2 (over-).","Derivative reasoning: re- (Stage 1), over- (Stage 2)",,7
base,anglo,anglo_59,print,to put words or pictures on paper,"printer, reprint, misprint",s2e,medium,"One-syllable base, default s2e. Derivative 'printer' at Stage 1 (-er); 'reprint' at Stage 1 (re-); 'misprint' at Stage 1 (mis-).","Derivative reasoning: -er (Stage 1), re- (Stage 1), mis- (Stage 1)",,7
base,anglo,anglo_60,heat,warmth; to make warm,"heating, overheat, reheat",s2e,medium,"One-syllable base, default s2e. Derivative 'reheat' at Stage 1 (re-); 'overheat' at Stage 2 (over-).","Derivative reasoning: re- (Stage 1), over- (Stage 2)",,7
base,anglo,anglo_61,paint,to colour a surface; a coloured liquid,"painter, repaint, painting",s2e,medium,"One-syllable base, default s2e. Derivative 'painter' at Stage 1 (-er); 'repaint' at Stage 1 (re-).","Derivative reasoning: -er (Stage 1), re- (Stage 1)",,7
base,anglo,anglo_62,load,to put things onto; a heavy weight,"loading, unload, overload",s2e,medium,"One-syllable base, default s2e. Derivative 'unload' at Stage 1 (un-); 'overload' at Stage 2 (over-).","Derivative reasoning: un- (Stage 1), over- (Stage 2)",,7
base,anglo,anglo_63,order,to arrange; a command,"orderly, disorder, reorder",s2e,medium,Two-syllable base. Derivative 'disorder' at Stage 2 (dis-); 'orderly' at Stage 1 (-ly).,"Derivative reasoning: -ly (Stage 1), dis- (Stage 2)",,7
base,anglo,anglo_64,spell,to write or say letters in order,"spelling, misspell, spellbound",s2e,medium,"One-syllable base, default s2e. Derivative 'misspell' at Stage 1 (mis-); 'spelling' at ES1 (-ing).","Derivative reasoning: -ing (ES1), mis- (Stage 1)",,7
base,anglo,anglo_65,clean,free from dirt,"cleaner, cleanliness, unclean",s2e,medium,"One-syllable base, default s2e. Derivative 'unclean' at Stage 1 (un-); 'cleaner' at Stage 1 (-er).","Derivative reasoning: un- (Stage 1), -er (Stage 1)",,7
base,anglo,anglo_66,sharp,having a fine edge or point,"sharpen, sharply, sharpness",s2e,medium,"One-syllable base, default s2e. Derivative 'sharply' at Stage 1 (-ly); 'sharpness' at Stage 2 (-ness).","Derivative reasoning: -ly (Stage 1), -ness (Stage 2)",,7
base,anglo,anglo_67,bright,giving out a lot of light; clever,"brighter, brightest, brightness",s2e,medium,"One-syllable base, default s2e. Derivative 'brighter/brightest' at Stage 1 (-er/-est); 'brightness' at Stage 2 (-ness).","Derivative reasoning: -er, -est (Stage 1), -ness (Stage 2)",,7
base,anglo,anglo_68,fair,treating people equally; just,"fairly, fairness, unfair",s2e,medium,"One-syllable base, default s2e. Derivative 'unfair' at Stage 1 (un-); 'fairly' at Stage 1 (-ly).","Derivative reasoning: un- (Stage 1), -ly (Stage 1)",,7
base,anglo,anglo_69,safe,free from danger,"safely, unsafe, safeguard",s2e,medium,"One-syllable base, default s2e. Derivative 'unsafe' at Stage 1 (un-); 'safely' at Stage 1 (-ly).","Derivative reasoning: un- (Stage 1), -ly (Stage 1)",,7
base,anglo,anglo_70,deep,going far down or in,"deeper, deepen, deeply",s2e,medium,"One-syllable base, default s2e. Derivative 'deeper/deepest' at Stage 1 (-er/-est); 'deepen' at Stage 2 (-en).","Derivative reasoning: -er, -est (Stage 1), -en (Stage 2)",,7
base,anglo,anglo_71,weak,not strong,"weaken, weakly, weakness",s2e,medium,"One-syllable base, default s2e. Derivative 'weakly' at Stage 1 (-ly); 'weakness' at Stage 2 (-ness).","Derivative reasoning: -ly (Stage 1), -ness (Stage 2)",,7
base,anglo,anglo_72,soft,not hard or rough,"soften, softly, softness",s2e,medium,"One-syllable base, default s2e. Derivative 'softly' at Stage 1 (-ly); 'softness' at Stage 2 (-ness).","Derivative reasoning: -ly (Stage 1), -ness (Stage 2)",,7
base,anglo,anglo_73,dark,with little or no light,"darken, darkness, darkly",s2e,medium,"One-syllable base, default s2e. Derivative 'darkly' at Stage 1 (-ly); 'darkness' at Stage 2 (-ness).","Derivative reasoning: -ly (Stage 1), -ness (Stage 2)",,7
base,anglo,anglo_74,sweet,tasting like sugar; pleasant,"sweeten, sweetly, sweetness",s2e,medium,"One-syllable base, default s2e. Derivative 'sweetly' at Stage 1 (-ly); 'sweetness' at Stage 2 (-ness).","Derivative reasoning: -ly (Stage 1), -ness (Stage 2)",,7
base,anglo,anglo_75,quick,moving fast; done in a short time,"quickly, quicken, quickness",s2e,medium,"One-syllable base, default s2e. Derivative 'quickly' at Stage 1 (-ly). NSW DoE cites quick-quicklier in intro.",NSW DoE Morphemes Suggested Sequence – introduction (quick example),,7
base,anglo,anglo_76,slow,not fast,"slowly, slowness, slowdown",s2e,medium,"One-syllable base, default s2e. Derivative 'slowly' at Stage 1 (-ly). NSW DoE cites slow-slowly as Stage 1 example.","NSW DoE Morphemes Suggested Sequence – Derivational Suffixes, Stage 1 (slow-slowly)",,7
base,anglo,anglo_77,warm,fairly hot; friendly,"warmer, warmth, rewarm",s2e,medium,"One-syllable base, default s2e. Derivative 'warmer/warmest' at Stage 1 (-er/-est).","Derivative reasoning: -er, -est (Stage 1)",,7
base,anglo,anglo_78,fresh,new; recently made,"freshen, freshly, freshness",s2e,medium,"One-syllable base, default s2e. Derivative 'freshly' at Stage 1 (-ly); 'freshness' at Stage 2 (-ness).","Derivative reasoning: -ly (Stage 1), -ness (Stage 2)",,7
base,anglo,anglo_79,hard,not soft; difficult,"harden, hardly, hardness",s2e,medium,"One-syllable base, default s2e. Derivative 'hardly' at Stage 1 (-ly); 'hardness' at Stage 2 (-ness).","Derivative reasoning: -ly (Stage 1), -ness (Stage 2)",,7
base,anglo,anglo_80,price,the amount of money something costs,"priceless, pricey, overpriced",s2e,medium,"One-syllable base, default s2e. Derivative 'priceless' at Stage 2 (-less); 'pricey' at Stage 1 (-y).","Derivative reasoning: -y (Stage 1), -less (Stage 2)",,7
base,anglo,anglo_81,cover,to put something over; to include,"uncover, recovery, discover",s2e,medium,Two-syllable base. Derivative 'uncover' at Stage 1 (un-); 'discover' at Stage 2 (dis-).,"Derivative reasoning: un- (Stage 1), dis- (Stage 2)",,7
base,anglo,anglo_82,land,an area of ground; to arrive,"landing, inland, overland",s2e,medium,"One-syllable base, default s2e. Derivative 'landing' at ES1 (-ing); 'overland' at Stage 2 (over-).","Derivative reasoning: -ing (ES1), over- (Stage 2)",,7
base,anglo,anglo_83,test,to check or try out,"tester, retest, untested",s2e,medium,"One-syllable base, default s2e. Derivative 'tester' at Stage 1 (-er); 'retest' at Stage 1 (re-).","Derivative reasoning: -er (Stage 1), re- (Stage 1)",,7
base,anglo,anglo_84,grace,beauty of movement; a prayer,"graceful, gracious, disgrace",s2e,medium,"One-syllable base, default s2e. Derivative 'graceful' at Stage 1 (-ful); 'disgrace' at Stage 2 (dis-).","Derivative reasoning: -ful (Stage 1), dis- (Stage 2)",,7
base,anglo,anglo_85,comfort,a state of ease; to soothe,"comfortable, discomfort, uncomfortable",s3e,medium,Two-syllable base. Derivative 'comfortable' at Stage 2 (-able) but 'discomfort/uncomfortable' pattern and abstract meaning warrants s3e per rule 4. Comfortable is a complex word for younger students despite -able being Stage 2.,Derivative reasoning: -able (Stage 2); complexity/abstractness warrants s3e per rule 4,,7
base,anglo,anglo_86,agree,to have the same opinion,"agreement, disagree, disagreeable",s2e,medium,Two-syllable base. Derivative 'disagree' at Stage 2 (dis-); 'agreement' at Stage 2 (-ment).,"Derivative reasoning: dis- (Stage 2), -ment (Stage 2)",,7
base,anglo,anglo_87,colour,the property of light; to add colour,"colourful, colourless, discolour",s2e,medium,Two-syllable base. Derivative 'colourful' at Stage 1 (-ful); 'colourless' at Stage 2 (-less).,"Derivative reasoning: -ful (Stage 1), -less (Stage 2)",,7
base,latin,latin_0,rupt,break,"interrupt, erupt, disrupt",s3l,medium,Not listed in NSW DoE sequence. Latin root rumpere/ruptum (to break). High-frequency academic vocabulary root. Thematically suits Stage 3. Teacher judgement required.,Not found in NSW DoE Morphemes Suggested Sequence,,6
base,latin,latin_1,tract,pull; draw,"attract, extract, tractor",s3e,medium,Not listed in NSW DoE sequence. Latin root trahere/tractum (to pull/draw). Thematically suits Stage 3. Teacher judgement required.,Not found in NSW DoE Morphemes Suggested Sequence,,6
base,latin,latin_2,form,shape; make,"reform, transform, formation",s2e,high,"Explicitly listed in Stage 2 Latin roots (form = shape; conform, reform)","NSW DoE Morphemes Suggested Sequence – Latin & Greek Roots, Stage 2",,6
base,latin,latin_3,cred,believe; trust,"credit, incredible, credible",s2e,high,"Explicitly listed in Stage 2 Latin roots (cred = believe/trust; credit, incredible)","NSW DoE Morphemes Suggested Sequence – Latin & Greek Roots, Stage 2",,6
base,latin,latin_4,dic,say; speak,"dictate, indicate, predict",s2l,high,"Explicitly listed in Stage 2 Latin roots as dict/dic (dic = to say; dictation, dictator)","NSW DoE Morphemes Suggested Sequence – Latin & Greek Roots, Stage 2",,6
base,latin,latin_5,dict,say; tell,"dictation, dictator, predict",s2l,high,"Explicitly listed in Stage 2 Latin roots (dict = to say; dictation, dictator)","NSW DoE Morphemes Suggested Sequence – Latin & Greek Roots, Stage 2",,6
base,latin,latin_6,struct,build,"construct, instruct, destruction",s2l,high,"Explicitly listed in Stage 2 Latin roots (struct = to build; destruction, restructure)","NSW DoE Morphemes Suggested Sequence – Latin & Greek Roots, Stage 2",,6
base,latin,latin_7,scrib,write,"describe, prescribe, scribble",s2l,high,"Explicitly listed in Stage 2 Latin roots as scrib/script (scrib = to write; inscription, prescribe)","NSW DoE Morphemes Suggested Sequence – Latin & Greek Roots, Stage 2",,6
base,latin,latin_8,script,written; writing,"inscription, manuscript, prescription",s2l,high,"Explicitly listed in Stage 2 Latin roots as scrib/script (script = written; inscription, prescribe)","NSW DoE Morphemes Suggested Sequence – Latin & Greek Roots, Stage 2",,6
base,latin,latin_9,port,carry,"transport, portable, import",s2e,high,"Explicitly listed in Stage 2 Latin roots (port = to carry; portable, transportation)","NSW DoE Morphemes Suggested Sequence – Latin & Greek Roots, Stage 2",,6
base,latin,latin_10,aud,hear,"audience, audition, auditorium",s2e,high,"Explicitly listed in Stage 2 Latin roots (aud = to hear; audience, audition)","NSW DoE Morphemes Suggested Sequence – Latin & Greek Roots, Stage 2",,6
base,latin,latin_11,flex,bend,"flexible, reflex, inflexible",s3l,medium,Not listed by name in NSW DoE sequence. Variant of flect- (same Latin root flectere). Thematically suits Stage 2–3 alongside other Latin roots. Teacher judgement required — consider consolidating with flect- entry.,Not found in NSW DoE Morphemes Suggested Sequence,,6
base,latin,latin_12,flect,bend,"reflect, deflect, inflect",s3l,medium,Not listed by name in NSW DoE sequence. Latin root flectere (to bend). Thematically suits Stage 2–3 alongside other Latin roots. Teacher judgement required — consider consolidating with flex- entry.,Not found in NSW DoE Morphemes Suggested Sequence,,6
base,latin,latin_13,ject,throw,"projection, rejection, inject",s2l,high,"Explicitly listed in Stage 2 Latin roots (ject = throw; projection, rejection)","NSW DoE Morphemes Suggested Sequence – Latin & Greek Roots, Stage 2",,6
base,latin,latin_14,spec,look; see,"spectator, inspect, spectacular",s2l,high,"Explicitly listed in Stage 2 Latin roots as spect/spec (spect = to look; inspection, spectator). Variant form of spect-.","NSW DoE Morphemes Suggested Sequence – Latin & Greek Roots, Stage 2",,6
base,latin,latin_15,spect,look; watch,"inspect, spectator, spectacular",s2l,high,"Explicitly listed in Stage 2 Latin roots (spect = to look; inspection, spectator)","NSW DoE Morphemes Suggested Sequence – Latin & Greek Roots, Stage 2",,6
base,latin,latin_16,spic,look; see,"conspicuous, perspicacious",s3l,medium,Not listed in NSW DoE sequence. Rare variant of spect-/spec- (Latin specere). Appears mainly in advanced vocabulary. Recommend reviewing whether this level of variant is appropriate for Years 3–7.,Not found in NSW DoE Morphemes Suggested Sequence,,6
base,latin,latin_17,miss,send,"mission, dismiss, transmission",s3e,medium,Not listed by name in NSW DoE sequence. Variant of mit- (same Latin root mittere). Thematically suits Stage 2–3 alongside other Latin roots. Teacher judgement required — consider consolidating with mit- entry.,Not found in NSW DoE Morphemes Suggested Sequence,,6
base,latin,latin_18,mit,send,"transmit, permit, submit",s3e,medium,Not listed by name in NSW DoE sequence. Latin root mittere (to send). Thematically suits Stage 2–3 alongside other Latin roots. Teacher judgement required — consider consolidating with miss- entry.,Not found in NSW DoE Morphemes Suggested Sequence,,6
base,latin,latin_19,sci,know,"science, conscious, omniscient",s3l,medium,Not listed in NSW DoE sequence. Latin root scire (to know). Primarily appears in academic/science vocabulary. Thematically suits Stage 3–4. Teacher judgement required.,Not found in NSW DoE Morphemes Suggested Sequence,,6
base,latin,latin_20,pend,hang; weigh,"pendant, suspend, appendix",s3l,medium,Not listed in NSW DoE sequence. Latin root pendere (to hang/weigh). Thematically suits Stage 3 alongside other Latin roots. Teacher judgement required — consider consolidating with pens- entry.,Not found in NSW DoE Morphemes Suggested Sequence,,6
base,latin,latin_21,pens,weigh; think,"compensate, pension, dispensary",s3l,medium,Not listed in NSW DoE sequence. Variant of pend- (Latin pendere/pensare). Thematically suits Stage 3. Teacher judgement required — consider consolidating with pend- entry.,Not found in NSW DoE Morphemes Suggested Sequence,,6
base,latin,latin_22,vis,see,"visible, television, vision",s2l,high,"Explicitly listed in Stage 2 Latin roots as vid/vis (vis = to see; televise, video)","NSW DoE Morphemes Suggested Sequence – Latin & Greek Roots, Stage 2",,6
base,latin,latin_23,vid,see,"video, evident, provide",s2l,high,"Explicitly listed in Stage 2 Latin roots as vid/vis (vid = to see; televise, video)","NSW DoE Morphemes Suggested Sequence – Latin & Greek Roots, Stage 2",,6
base,latin,latin_24,fer,carry; bring,"transfer, refer, confer",s3e,medium,Not listed in NSW DoE sequence. Latin root ferre (to carry/bring). High-frequency root in academic vocabulary. Thematically suits Stage 3 alongside other Latin roots. Teacher judgement required.,Not found in NSW DoE Morphemes Suggested Sequence,,6
base,latin,latin_25,vers,turn,"reverse, versatile, conversation",s3e,medium,Not listed by name in NSW DoE sequence. Variant of vert- (same Latin root vertere). Thematically suits Stage 3. Teacher judgement required — consider consolidating with vert- entry.,Not found in NSW DoE Morphemes Suggested Sequence,,6
base,latin,latin_26,vert,turn,"convert, invert, divert",s3e,medium,Not listed by name in NSW DoE sequence. Latin root vertere (to turn). Thematically suits Stage 3. Teacher judgement required — consider consolidating with vers- entry.,Not found in NSW DoE Morphemes Suggested Sequence,,6
base,latin,latin_27,duc,lead,"educate, introduce, produce",s3e,medium,Not listed by name in NSW DoE sequence. Variant of duct- (same Latin root ducere). Thematically suits Stage 3. Teacher judgement required — consider consolidating with duct- entry.,Not found in NSW DoE Morphemes Suggested Sequence,,6
base,latin,latin_28,duct,lead,"conduct, production, deduct",s3e,medium,Not listed by name in NSW DoE sequence. Latin root ducere (to lead). Thematically suits Stage 3. Teacher judgement required — consider consolidating with duc- entry.,Not found in NSW DoE Morphemes Suggested Sequence,,6
base,latin,latin_29,sec,cut,"section, bisect, dissect",s2l,high,"Explicitly listed in Stage 2 Latin roots as sect/sec (sec = to cut; bisect, section)","NSW DoE Morphemes Suggested Sequence – Latin & Greek Roots, Stage 2",,6
base,latin,latin_30,sect,cut,"bisect, dissect, section",s2l,high,"Explicitly listed in Stage 2 Latin roots as sect/sec (sect = to cut; bisect, section)","NSW DoE Morphemes Suggested Sequence – Latin & Greek Roots, Stage 2",,6
base,latin,latin_31,claus,close,"claustrophobia, clause",s3l,medium,Not listed in NSW DoE sequence. Latin root claudere (to close). Rare in everyday vocabulary. Thematically suits Stage 3–4. Teacher judgement required — consider consolidating with clos- entry.,Not found in NSW DoE Morphemes Suggested Sequence,,6
base,latin,latin_32,clos,close,"close, disclose, enclose",s3l,medium,Not listed in NSW DoE sequence. Variant of claus- (Latin claudere). More common in everyday vocabulary than claus-. Thematically suits Stage 3. Teacher judgement required — consider consolidating with claus- entry.,Not found in NSW DoE Morphemes Suggested Sequence,,6
base,latin,latin_33,vit,life,"vital, vitamin, revitalise",s3l,medium,Not listed in NSW DoE sequence. Latin root vita (life). Thematically suits Stage 3 alongside other Latin roots. Teacher judgement required — consider consolidating with viv- entry.,Not found in NSW DoE Morphemes Suggested Sequence,,6
base,latin,latin_34,viv,live,"vivid, survive, revive",s3l,medium,Not listed in NSW DoE sequence. Latin root vivere (to live). Thematically suits Stage 3 alongside other Latin roots. Teacher judgement required — consider consolidating with vit- entry.,Not found in NSW DoE Morphemes Suggested Sequence,,6
base,latin,latin_35,cept,take; receive,"accept, except, intercept",s3l,medium,Not listed in NSW DoE sequence. Latin root capere/ceptum (to take). High-frequency academic vocabulary root. Thematically suits Stage 3. Teacher judgement required.,Not found in NSW DoE Morphemes Suggested Sequence,,6
base,latin,latin_36,cess,go; yield; give way,"process, success, recession",s3l,medium,Not listed in NSW DoE sequence. Variant of cede- (Latin cedere). Thematically suits Stage 3–4. Teacher judgement required — consider consolidating with cede- entry.,Not found in NSW DoE Morphemes Suggested Sequence,,6
base,latin,latin_37,fect,make; do,"affect, effect, infect",s3l,medium,"Not listed in NSW DoE sequence. Latin root facere/fectum (to make/do). Related to fac- (Stage 2: fac = to do/make; factory, manufacture). Thematically suits Stage 2–3. Teacher judgement required.","NSW DoE Morphemes Suggested Sequence – Latin Roots, Stage 2 (related root fac-)",,6
base,latin,latin_38,fix,fasten; attach,"prefix, suffix, fixture",s3e,medium,"Not listed in NSW DoE sequence. Latin root figere (to fasten). High utility in morphology instruction itself (prefix, suffix). Thematically suits Stage 2–3. Teacher judgement required.",Not found in NSW DoE Morphemes Suggested Sequence,,6
base,latin,latin_39,sign,mark; signal,"signature, significant, assign",s3e,medium,Not listed in NSW DoE sequence. Latin root signum (mark/sign). Thematically suits Stage 3. Teacher judgement required.,Not found in NSW DoE Morphemes Suggested Sequence,,6
base,latin,latin_40,tend,stretch; reach,"extend, intend, attend",s3l,medium,Not listed in NSW DoE sequence. Latin root tendere (to stretch). Thematically suits Stage 3. Teacher judgement required.,Not found in NSW DoE Morphemes Suggested Sequence,,6
base,latin,latin_41,press,press; push,"compress, express, pressure",s3e,medium,Not listed in NSW DoE sequence. Latin root premere/pressum. Thematically suits Stage 3. Teacher judgement required.,Not found in NSW DoE Morphemes Suggested Sequence,,6
base,latin,latin_42,gress,step; go,"progress, aggressive, congress",s3l,medium,Not listed in NSW DoE sequence. Latin root gradi/gressum. Variant of grad-. Thematically suits Stage 3–4. Teacher judgement required — consider consolidating with grad- entry.,Not found in NSW DoE Morphemes Suggested Sequence,,6
base,latin,latin_43,cede,go; yield,"precede, recede, concede",s3l,medium,Not listed in NSW DoE sequence. Latin root cedere (to go/yield). Thematically suits Stage 3–4. Teacher judgement required — consider consolidating with cess- entry.,Not found in NSW DoE Morphemes Suggested Sequence,,6
base,latin,latin_44,claim,call out; cry,"exclaim, proclaim, reclaim",s3l,medium,Not listed in NSW DoE sequence. Latin root clamare (to call out). Thematically suits Stage 3. Teacher judgement required.,Not found in NSW DoE Morphemes Suggested Sequence,,6
base,latin,latin_45,prove,test; show,"approve, improve, disprove",s3l,medium,Not listed in NSW DoE sequence. Latin root probare (to test). Thematically suits Stage 3. Teacher judgement required.,Not found in NSW DoE Morphemes Suggested Sequence,,6
base,latin,latin_46,ply,fold; bend,"reply, apply, comply",s3l,medium,Not listed in NSW DoE sequence. Latin root plicare (to fold). Related to complex- family. Thematically suits Stage 3. Teacher judgement required.,Not found in NSW DoE Morphemes Suggested Sequence,,6
base,latin,latin_47,spire,breathe; live,"inspire, expire, aspire",s3l,medium,Not listed in NSW DoE sequence. Latin root spirare (to breathe). Thematically suits Stage 3. Teacher judgement required.,Not found in NSW DoE Morphemes Suggested Sequence,,6
base,latin,latin_48,grad,step; go,"gradient, upgrade, gradual",s3l,medium,Not listed in NSW DoE sequence. Latin root gradi (to step/go). Variant of gress-. Thematically suits Stage 3–4. Teacher judgement required — consider consolidating with gress- entry.,Not found in NSW DoE Morphemes Suggested Sequence,,6
base,latin,latin_49,mot,move,"motion, motor, promote",s3l,medium,Not listed in NSW DoE sequence. Latin root movere/motum (to move). Thematically suits Stage 3. Teacher judgement required.,Not found in NSW DoE Morphemes Suggested Sequence,,6
base,greek,greek_0,graph,write; drawing,"photograph, paragraph, autograph",s3e,high,"Explicitly listed in Stage 3 Greek roots (graph = writing; graphic, phonograph)","NSW DoE Morphemes Suggested Sequence – Latin & Greek Roots, Stage 3",,6
base,greek,greek_1,gram,written; something written,"telegram, diagram, grammar",s3e,high,"Explicitly listed in Stage 3 Greek roots (gram = thing written; epigram, telegram)","NSW DoE Morphemes Suggested Sequence – Latin & Greek Roots, Stage 3",,6
base,greek,greek_2,micros,small,"microscope, microwave, microbe",s3e,high,"Explicitly listed in Stage 3 Greek roots as micro- (small; microscope, microwave). Note: micros is the full Greek root form of the micro- prefix/combining form.","NSW DoE Morphemes Suggested Sequence – Latin & Greek Roots, Stage 3",,6
base,greek,greek_3,hydr,water,"hydration, dehydrate, hydrogen",s3e,high,"Explicitly listed in Stage 3 Greek roots (hydr = water; hydration, dehydrate)","NSW DoE Morphemes Suggested Sequence – Latin & Greek Roots, Stage 3",,6
base,greek,greek_4,hydro,water,"hydroelectric, hydrotherapy",s3e,high,"Explicitly listed in Stage 3 Greek roots as hydr/hydro (water; hydration, dehydrate). Hydro- is the combining form variant.","NSW DoE Morphemes Suggested Sequence – Latin & Greek Roots, Stage 3",,6
base,greek,greek_5,therm,heat,"thermal, thermometer, geothermal",s3e,high,"Explicitly listed in Stage 3 Greek roots (therm = heat; thermal, thermometer)","NSW DoE Morphemes Suggested Sequence – Latin & Greek Roots, Stage 3",,6
base,greek,greek_6,thermo,heat,"thermometer, thermostat",s3e,high,"Explicitly listed in Stage 3 Greek roots as therm/thermo (heat; thermal, thermometer). Thermo- is the combining form variant.","NSW DoE Morphemes Suggested Sequence – Latin & Greek Roots, Stage 3",,6
base,greek,greek_7,phon,sound; voice,"phonics, megaphone, microphone",s3e,high,"Explicitly listed in Stage 3 Greek roots as phon/phono (sound; phonics, megaphone)","NSW DoE Morphemes Suggested Sequence – Latin & Greek Roots, Stage 3",,6
base,greek,greek_8,logy,study of,"biology, psychology, geology",s3e,high,"Explicitly listed in Stage 3 Greek roots (logy = study of; biology, psychology)","NSW DoE Morphemes Suggested Sequence – Latin & Greek Roots, Stage 3",,6
base,greek,greek_9,chron,time,"chronological, chronic, anachronism",s3e,high,"Explicitly listed in Stage 3 Greek roots as chron/chrono (time; chronological, chronic)","NSW DoE Morphemes Suggested Sequence – Latin & Greek Roots, Stage 3",,6
base,greek,greek_10,chrono,time,"chronological, chronometer",s3e,high,"Explicitly listed in Stage 3 Greek roots as chron/chrono (time; chronological, chronic). Chrono- is the combining form variant.","NSW DoE Morphemes Suggested Sequence – Latin & Greek Roots, Stage 3",,6
base,greek,greek_11,photo,light,"photograph, photosynthesis, photon",s3e,high,"Explicitly listed in Stage 3 Greek roots as photo/phos (light; photograph, phosphorous)","NSW DoE Morphemes Suggested Sequence – Latin & Greek Roots, Stage 3",,6
base,greek,greek_12,scope,look; view; examine,"microscope, telescope, stethoscope",s3e,high,"Explicitly listed in Stage 3 Greek roots (scope = viewing instrument; microscope, telescope)","NSW DoE Morphemes Suggested Sequence – Latin & Greek Roots, Stage 3",,6
base,greek,greek_13,meter,measure,"thermometer, perimeter, speedometer",s3e,high,"Explicitly listed in Stage 3 Greek roots as meter/metr (measure; thermometer, perimeter)","NSW DoE Morphemes Suggested Sequence – Latin & Greek Roots, Stage 3",,6
base,greek,greek_14,aero,air,"aerodynamic, aerosol, aeroplane",s4,medium,Not listed in NSW DoE sequence or Australian Curriculum v9. Greek root aer (air). Common in science and everyday vocabulary. Thematically suits Stage 3 alongside other Greek roots. Teacher judgement required.,Not found in NSW DoE Morphemes Suggested Sequence,,6